"","PC1","PC2","PC3","PC4","PC5","PC6","PC7","PC8","PC9","PC10","PC11","PC12","PC13","PC14","PC15","PC16","PC17","PC18","PC19","PC20","PC21","PC22","PC23","PC24","PC25","PC26","PC27","PC28","PC29","PC30","PC31","PC32","PC33","PC34","PC35","PC36","PC37","PC38","PC39","PC40","PC41","PC42","PC43","PC44","actin.data.sample_id"
"11",-1.42272353318753,1.68289709777771,0.248432296111869,-0.450993391333144,0.587888364437335,0.442381384600726,-0.559875253043712,0.324713596616938,-0.0538048336672699,-0.0421504222370595,-0.23162830424366,0.230553366309297,-0.283787829646253,0.18687338436348,-0.181262334441356,0.0253459510447857,-0.0433931288347924,-0.17111398045887,-0.0256471445168575,0.0803036312452371,0.0734904400294456,0.021983715250639,-0.0214323721065521,-0.102134859683521,-0.103337392558359,-0.00643750846920633,0.0527466304430699,0.0344314161187948,0.131710792196993,0.0588143022486742,0.0725066449380883,-0.164201696552033,-0.0995678531060976,-0.0277728267252146,-0.00419370290631502,-0.0348074446270809,0.019799316038304,0.00674110261195771,0.000718058482590787,0.00243738214817785,0.00499813846017949,-0.0104225302698836,-0.00477421557000839,7.52869988573934e-16,"L2_D1_GAOX1_merge_anterior_7-14-actin_0"
"12",-0.357996768951819,0.197722152217712,1.66925343327014,0.402156743358872,-0.0294619653853063,-0.640007111822506,-0.0290473829693711,-0.181794174513163,0.33964904650757,-0.0656041473837553,0.00853056160784075,0.0610107334627457,0.116693644192329,0.0496882874251525,0.0302566181915557,0.153600476701126,-0.0744315363698358,-0.14088035383331,0.0570098895849074,-0.143218458198173,0.234206396149806,-0.133937946483789,0.0076392828034016,0.17626847008603,-0.156251168200344,-0.0515643228259535,-0.0301317526729421,0.0700961467806016,-0.0484689415757024,-0.0127631117725058,0.151838966588402,0.0186298672842445,0.0219029741937726,-0.0442985781767227,0.0945429311694117,0.0124815022696286,-0.0185577893239213,0.0387708477361329,0.0136962562814021,-0.0140668444736801,-0.00939253196088157,0.00433313332999756,-0.000325204339473374,-2.25514051876985e-16,"L2_D1_GAOX1_merge_anterior_7-14-actin_1"
"13",-1.50999565247915,1.24772164147872,0.330240658269671,-0.102697999617956,0.827585836517362,0.322082908949536,0.132484834930812,-0.283487357653288,-0.141448429706144,0.151104868624026,0.155144094990173,0.0555934329527431,-0.415896755718734,-0.0323975042461443,-0.0588868123195057,0.118704519213881,0.0229507165092545,-0.11557490656826,-0.081463453844253,0.185033277408717,-0.0672100023233853,-0.080134979758464,0.0956018006419263,0.0981861173529672,-0.0717563850305947,0.0579206580396463,0.0420472056504662,-0.150027959017738,-0.136764049186101,-0.0245221471246549,-0.073864287196721,0.0320342154561848,0.141854855975022,-0.0219121595141111,0.0293521144813439,-0.00207457115880352,-0.0159745848691322,0.0471084475629059,0.0319043077051308,0.00280181923981056,0.0183403216369913,0.0146202561939214,0.00511339515519136,-3.19189119579733e-16,"L2_D1_GAOX1_merge_anterior_7-14-actin_2"
"14",-1.99184237527115,1.46038227435367,-0.0354567217016724,0.987837444365987,0.0631876795744164,0.623663777009136,0.0589936223931834,0.204572860646106,-0.255251928958657,-0.135090776950925,0.1415577936057,0.272476012528151,-0.00582055502291298,-0.0150017142185269,0.0104273434077132,0.0824103058565707,-0.141088873323931,0.032442874267099,-0.177110939035314,-0.0848381982462318,-0.128284320922366,-0.0548632318728667,0.0144853835870875,-0.0321473117143503,0.0626706945472342,0.0423448049087556,-0.0179996341700941,0.0544653613316944,-0.0206514285661476,-0.0694164335674218,0.12052266904562,0.15014572590891,-0.0830356752286291,-0.0314665214039235,0.0389553017682166,0.132103527564302,-0.0445104672315051,-0.0964970336396398,-0.000173027737576513,0.0245141158815003,-0.00453130442203589,-0.00412312582825741,0.00215772387954562,-5.41233724504764e-16,"L2_D1_GAOX1_merge_anterior_7-14-actin_3"
"29",-2.38481608650892,0.777866544532289,-0.220261395615428,-0.878209972888097,-0.176744697878573,0.0775064057023024,0.118242937646792,0.126225321397001,0.148998873663274,0.134747479562761,-0.321313253372784,-0.140799799764508,-0.0132985950449454,-0.177432911079194,0.0148206141518961,-0.0527875540529007,-0.0273230523308815,-0.0285973161486732,0.0168302865723957,-0.0291317872514638,0.00670757647986801,0.149479609384609,-0.100795476083283,0.00258361601589215,-0.0104253944981684,0.000152499699100144,-0.0749697806485891,-0.0883187740821505,-0.0551479110342119,-0.0560411737826044,0.0656379193534871,0.0703939886974491,-0.00588345787613273,0.0252257398899378,0.0325950386365886,-0.00822406267051623,0.053314833209438,0.0427710218883955,0.0106261523801638,0.0454989539076448,0.076794049202073,-0.138047678423983,-0.0565373590014545,-1.35308431126191e-16,"L2_D1_GAOX-1_merge_anterior_7-1-actin_0"
"30",0.982278175817731,1.34089695144711,-1.02453347710327,1.25812552026725,0.662455442620467,-0.45055410966201,0.526902829716091,-0.185013339668433,0.0660840940899076,0.125493278773183,0.0588002219888915,-0.0333632363414789,-0.0821655110482473,0.156784605421692,-0.332386106240997,-0.466494032473211,0.0397580234186056,0.0523257393301707,-0.122842827909122,-0.177884701544253,0.0928168427928446,0.0364601483022961,0.0577870427713013,-0.00224248854185293,0.00497318071461252,0.0495295259196631,-0.0835337150076833,-0.0522926255037526,0.0359281926819436,-0.00419705594937739,0.0319773179528559,-0.0184187228133806,-0.00092180290401668,-0.0242357033964595,-0.00712762713688138,-0.00244155873757207,-0.0111584017064607,-0.0050071136555444,-0.002639909388049,-0.00225191810796548,-0.00238055310750621,-8.95434530194276e-05,-0.000351014241191203,-6.31439345255558e-16,"L2_D1_GAOX-1_merge_anterior_7-1-actin_1"
"31",-0.865804187690718,-1.47636606414848,-0.544884129319018,0.646618532818257,0.784859079295551,0.138741503830965,-0.0692617829756566,-0.00964384373876843,0.0972224504409762,-0.0921531312953086,0.166934046173725,-0.0731062732298162,0.235289680816635,0.198342684041236,-0.309408648834521,0.162140467602558,0.100944214862528,0.060566834794719,0.183842025531122,0.0256537793953893,-0.0915676840705928,0.0938715241423784,-0.23378788786977,0.0359871525519401,0.0146848325799512,0.0054962385543572,0.00376332604386999,0.0552017453441032,-0.210315987177229,0.00104123928696855,0.00421697011176084,-0.0298229782083063,-0.059342372427423,-0.0432669893432311,-0.0514099686584088,-0.0284564960358694,0.00836132889973574,-0.0061317030373185,0.041260514677356,0.0147801556959367,-0.0120516517701557,0.000205752925685447,0.00584028634471587,-1.38777878078145e-16,"L2_D1_GAOX-1_merge_anterior_7-1-actin_2"
"32",-2.38013205636354,0.567485774018683,0.401058607243739,-0.842646728770091,-0.15105618100599,0.109633551863903,-0.136865740457282,0.173578140446928,0.046417172361121,-0.0750205289158167,-0.369160036311464,-0.110397475526074,-0.0332259755489914,0.0549584998598102,-0.0550212959347336,-0.140425307104121,0.0159767060274892,-0.0533306746911244,0.0719121678814769,-0.0489896691391825,-0.00671953325929454,0.169400866114039,-0.051946542246591,-0.0109180263046798,-0.00562525015461682,0.0289296949037786,-0.0259202618186986,-0.000960717876408196,-0.00938041564936432,0.00680777380858645,0.0115313406141643,0.161559401701312,0.0221228972821204,0.0576026721468776,0.0311327550552499,0.00871391740837668,0.0615085177441968,0.046323744099847,-0.00674136047607679,9.12674721074147e-05,0.00295990495224719,0.14506407808691,0.0598555918514081,2.22044604925031e-16,"L2_D1_GAOX-1_merge_anterior_7-1-actin_3"
"33",-2.47301725036614,-0.497289172410852,-0.522133828384168,-0.304539246950457,0.288959088797346,0.105437563168605,0.179319223477839,0.128316050583315,-0.0235282956826649,-0.0449020469268095,0.045206940328165,-0.229445556356096,0.22202671986387,-0.0550592544585592,-0.0834807348673815,0.0776069271972872,0.0148653750699599,-0.0380470034834694,0.0486372946184185,0.09253592813005,0.004168330952391,-0.0317835249913323,0.0426157978564003,-0.0547670501711148,-0.0051733461951526,0.0313898431139662,-0.0450237911305662,0.030281062016802,0.170973573409555,-0.0222965181583683,0.0589465886634157,0.0517849874276414,0.119291274506302,0.0646763082045818,0.0306262663521444,-0.158890367520577,-0.128329398853508,-0.076785572420814,0.100321290767825,0.0146346943435293,-0.0392073293037045,-0.00378528824267619,-0.00565613625092289,-4.44089209850063e-16,"L2_D1_GAOX-1_merge_anterior_7-1-actin_4"
"34",2.85364571708811,-1.19444600381356,0.775090330790316,0.124735427441695,0.290047421436633,0.354803493529163,0.162657084296709,0.618962758061758,-0.131694497994608,0.0771556513708239,0.0579122395543822,-0.149766670572097,-0.132417882010484,-0.0219722284127054,0.0664231339087593,-0.154971912929699,0.0478097849397325,0.179182998645475,0.0933029367915768,0.00464636874929437,-0.0335176324779397,-0.0966275453063761,-0.0464234897128887,0.0314668777660501,-0.240025081747214,-0.109488577118168,-0.00594996699920622,0.0438595500273736,0.0233122247603895,-0.202197889417603,-0.0897107272773294,0.0120088824705203,-0.0593038282797535,0.0388010517887611,0.0397728887970905,0.00276658478340688,-0.0225273870218882,0.0189074618954012,-0.00800545386423124,-0.000748278353572135,-0.00982274556016456,0.00700773335699691,-0.0167027982029973,-1.52655665885959e-16,"L2_D1_GAOX1_merge_anterior_9-21-actin_0"
"35",1.66279831899816,-0.63788189445057,1.8484173413384,0.356586479745747,0.254242702095139,-0.091625434899704,-0.103195795969733,0.210092634862908,0.452410140484059,0.132013653288171,0.0654039122002132,0.0309275523869692,0.113337474320529,-0.0497946766136068,0.00147964514374535,0.102919078572559,-0.0192474238346213,-0.198183496777994,-0.156765455123472,-0.0709995916924836,0.021499744952788,0.141856225440119,0.0835674244585805,0.00684456389371109,0.0926533280453672,0.135308604890739,0.0608287800481268,0.026580755063466,0.0542779141486543,-0.181578949416628,-0.0841698555876561,0.0190400892399568,-0.0021991641298736,-0.0210364046068913,-0.1621418113695,-0.0296453548404964,0.0356423784967793,-0.00179013507475125,0.0106570965754305,0.0103823690189959,-0.00218264832473303,-0.00399527194048829,0.00269738804211528,7.97972798949331e-17,"L2_D1_GAOX1_merge_anterior_9-21-actin_1"
"36",0.367696231848795,-1.98050666101672,0.944577885999852,0.302513905546642,0.0286503777401402,-0.616218003710659,0.0952264769962152,0.0522830169290697,-0.0913853014720529,0.122060283661944,-0.0874342852144674,0.0998073845686945,0.0747613344312475,0.0785302104046973,0.0592185000849245,0.183900120687313,0.115846508882397,-0.0392392100350771,-0.143062155174481,-0.00212047032392291,-0.000625388822010933,-0.105349718350701,-0.115063029556409,-0.247542077910834,-0.0903243411372914,0.0766215495157737,-0.168089108315682,-0.155290263269673,0.0140068411099726,0.104211636267241,-0.100191142311271,0.0648030028311179,-0.083449180731142,-0.0216108113601097,0.0308181514489832,-0.00643179540674738,-0.017429287841826,-0.00426614224870317,-0.0113786659696853,-0.00249727861428714,-0.00388951037529225,0.00246486922134103,0.00409490729043504,-4.74880551548651e-17,"L2_D1_GAOX1_merge_anterior_9-21-actin_2"
"37",1.44625929342811,0.62928097818035,-0.67990211552732,-1.19102864655714,0.169226106979073,0.459109601091899,0.365365052942626,-0.607640109957946,0.0456636105339385,0.435492424638961,0.134055031498998,0.36747923161909,0.132020566668955,0.325783329257668,0.302274268219257,-0.0324578163902349,0.0645929614365784,-0.117501052519493,0.211586811268265,-0.0933674833037088,-0.0514441584644244,0.0102191801523454,-0.0732793875310442,-0.030215149015643,-0.0210317595348928,-0.0168184949435547,0.0320898866513476,-0.0109109507453954,0.0816276266735954,-0.0450358811060627,0.0219800788448707,0.0266271102820421,-0.009081405673364,0.0245402717869651,-0.0190594391837525,0.0052859653541123,0.00405810918781768,-0.00944402495899425,0.00292838670377466,-0.00276202033388422,0.00494318896589853,0.00110418502134406,0.000933634475907386,-1.38777878078145e-16,"L2_D1_GAOX1_merge_anterior_9-21-actin_3"
"38",2.40745706641756,-1.20716494185201,1.29064658783269,0.292340417270444,0.391876286798662,0.262862551088326,0.153530648812959,0.355891315288532,0.312298697075226,0.298765345554495,-0.0481891036052142,0.00391051576063618,0.101662406758927,0.0576850689673716,0.0652331329128596,-0.00705292947113128,0.0286759828802055,0.0246513255817368,-0.0481271641639201,0.0323737675856385,-0.116450858786862,0.132837552664255,0.0699384181242619,0.0843199082217503,0.17157773572744,0.00180153145001737,0.022206918613693,-0.00898730266897924,-0.0173463112146363,0.132770034643502,0.0137730508282254,-0.0940371945879869,-0.00458086834556466,0.0872700513482812,0.201892770506354,0.0304243094923325,-0.0460997262997623,-0.000458109095373721,-0.0115643670168181,-0.00856680540275393,0.00394252716959657,-0.00142004409090696,0.00296563439363837,-6.93889390390723e-17,"L2_D1_GAOX1_merge_anterior_9-21-actin_4"
"39",1.77122927130001,-0.937083263788076,-0.591431799158343,0.659784005745715,-0.0772498525151842,-0.82308616552683,0.562655975558929,-0.09908793520488,-0.0074371467172617,-0.0377931927570984,-0.438248828564274,0.140916964034779,-0.0956845223555086,0.148886072676709,-0.040501714478501,0.102321018683953,-0.367792786322412,0.0465708906093407,0.122636648775457,0.251895079790859,-0.0938420933177799,0.055957643780278,0.0689334238465733,-0.0914627633922303,0.00781179147624661,-0.0281630972367716,0.0432250477390319,0.0666139862975343,-0.013112858925699,-0.0623609525687488,0.0117114157709445,0.00206260820530443,0.0211662089925279,0.00626816776294782,-0.0161186540580253,0.0191850302640448,-0.0141189043309778,0.0158260093456214,-0.0212239598024694,0.0150258135352538,-0.000533554776517567,0.00177114161221468,-0.00350039356994026,-4.16333634234434e-16,"L2_D1_GAOX-1_merge_medial_7-12-actin_0"
"40",1.97289433645317,3.01622635314798,-0.662812430948846,-0.333702560273274,0.0803626325597651,-0.358932353417211,-0.489426894909656,-0.101957663979625,-0.186207534872088,0.20329304071844,-0.0104634167249592,-0.117436277636757,0.169721126189225,0.023633370639074,0.125573023026513,0.156440894869752,0.102261816299811,0.355349315975568,-0.0635732247848862,0.0194827576316791,0.0184049260729267,0.153398119348498,0.13733783746765,-0.0157867851279351,-0.167822419850786,0.196165391298871,0.058133055282137,0.0395850322802781,-0.0334379624317586,0.0155695905997803,0.0559442436331569,-0.00214557565310659,-0.00492398642815062,0.00406497443624024,0.00220725917054047,0.00106255247029116,0.00506778616020759,-0.00417330337768565,-0.00150881679108247,-0.000716077381785779,-0.000535078116442507,1.037795979816e-05,0.000382802753758786,-2.4980018054066e-16,"L2_D1_GAOX-1_merge_medial_7-12-actin_1"
"41",2.93190107935042,0.507694288527231,0.629829829671309,-1.17027243497099,-0.27889636765111,0.134669022813505,0.130890134645255,-0.0911673904726795,-0.223071381835399,-0.0787869537459831,0.367530063021694,-0.00279805798640836,-0.0651170798869874,-0.228883052006304,-0.274033243141662,0.111418259412188,-0.045463283187596,-0.0583348015493102,0.165442719830203,-0.143044391104911,0.104645598150212,0.139903085089645,0.179833943197099,-0.234007755953867,0.0297591929869703,-0.139257842547438,0.00538936472238723,-0.015990738312837,-0.0876868007712857,0.0104723748398982,-0.00255561947375407,0.0138195621238605,-0.0263455152674933,0.00105272935246567,0.0350278069098714,-0.0119735011895056,-0.01712255385355,-0.000972119493718643,-0.00940426614300507,-0.00520088681059892,-0.000940302399729388,0.000497391200606662,0.000512861749719967,1.11022302462516e-16,"L2_D1_GAOX-1_merge_medial_7-12-actin_2"
"42",-1.98900036904164,-0.650005425613902,0.873007671233148,-0.348736240296654,-0.323392648267218,0.00613708681545796,0.0892268645287881,-0.391425831731851,0.0205853758099632,-0.0573268165497667,0.0273216285116555,-0.227117266548137,-0.0250433389861551,0.0145962770319653,0.0617254336833665,-0.121700561218723,0.154627649497555,0.0970133586892249,-0.012041077218542,0.146430674400401,-0.000477882399563312,-0.0325549123721681,0.0406299738213329,-0.0855638945251068,0.117653474427078,0.00889258403832324,0.050446362768875,0.0835855138034816,0.0640266807008988,-0.0472632893553477,-0.0027283247209244,-0.0140039223295459,-0.100608335391263,-0.16458527768523,0.0428337282436826,0.0703838723420858,-0.0442174939407489,0.115695738604848,0.118985307612488,-0.0116784726458605,0.0298397676490529,-0.00318897853930652,0.0158859112978108,2.63677968348475e-16,"L2_D1_GAOX-1_merge_medial_7-12-actin_3"
"43",-0.937197466113886,-0.959587311258567,-1.23998717667248,-1.04557416246919,0.108706444380633,0.223693076402704,-0.21385124450711,0.158771441021869,0.340796026080909,-0.0490634868102717,0.110025432953918,0.00830651191965883,0.18718398831095,0.0445328916148862,0.0984722059182075,-0.18254894724329,-0.106942302272053,-0.106851026782477,0.00386373109515718,0.0931985768597777,-0.0137160323505426,-0.183850839597418,0.228656990725019,-0.0482251200768001,-0.0311123079614988,0.0751783476593179,-0.196342855653531,0.118810379729433,-0.139506071449782,0.0399672478523655,-0.0450446494682391,-0.030291261244445,-0.032853526605191,0.050713218835693,-0.0302558871637248,0.0239438820040443,0.0567266311664416,0.0105660820215064,0.0157778414646344,0.000253164485957713,0.00346333112661651,-0.00320552350916039,-0.00444254046250247,-2.4459601011273e-16,"L2_D1_GAOX-1_merge_medial_7-12-actin_4"
"49",-2.39509750021061,1.07127472049879,0.411110605758129,0.229106811762221,-0.198806381173494,-0.211384585529185,0.353889463876718,0.123729268656309,-0.373870644367097,-0.0665402684378677,-0.0315288255145432,0.0385820263714164,-0.0173694590652521,-0.067675233867298,0.146992475723637,0.086445532498154,-0.0014451795905466,0.0284828809508892,0.0276452391457711,-0.143996231282783,-0.0396432079857249,0.00315537760295444,0.0408814860520974,0.10298143314917,0.0295030935459542,-0.0279575527295463,-0.0701446706646486,-0.054059542715114,-0.0309869400508491,0.0303036916972057,0.0212168455597503,-0.132008809791352,-0.0856886277926252,0.145484875046867,-0.155707356341647,0.00267624462644295,-0.112107955845188,0.0721085685492487,0.0469433629430985,0.0196839894710595,0.0534047039484645,0.0333177619043314,0.00977149931457782,-1.2490009027033e-16,"L2_D1_GAOX1_merge_medial_8-30-2-actin_0"
"50",0.654373389341025,-2.57913284502501,-0.589635252760024,0.852072213961495,-0.3479754001394,0.15388569058067,-0.359849290632437,-0.168619989954377,-0.273409671081447,0.253386185325362,-0.202591778926856,-0.00536420291085453,-0.13152730535303,-0.0769152408813414,-0.0469705123519722,0.0124773448918837,0.000891661457896157,-0.0299788675822869,0.00935741240072644,-0.0907756190313973,0.0102301731276752,-0.0241784525887227,0.0252310562350318,0.0362164302514927,-0.0148531034654495,-0.0141239020503189,-0.0114697799893839,0.0511765017646774,-0.0077308295484719,-0.0139586878196915,-0.0106848966094092,-0.00217731816755104,0.0202922971013467,0.0323942025204569,0.000546090738624879,-0.0186485325363091,0.0180683008401671,-0.0406260746577351,0.034989168534435,-0.0579468614757923,0.0328895863355335,-0.0711608592994873,0.161134976508379,-5.89805981832114e-17,"L2_D1_GAOX1_merge_medial_8-30-2-actin_1"
"51",-0.230929523703879,-2.50859282554856,-0.465087780527061,0.620593928800537,-0.368792131122021,0.177075792563801,-0.376153492176874,-0.236227981658173,-0.236552948984907,0.229350971117431,-0.0937001745262455,-0.07212029548268,0.019592344323896,-0.0525515100641695,-0.0590030351615994,0.00502714060793116,0.0433897820877534,-0.0358090197397848,0.0113620021214475,-0.0595703318868727,0.018412280195581,-0.0512484676810899,0.0554187929308292,0.0186370539310639,0.0188988878655159,-0.00830566380045725,0.0230169805416225,-0.029244502388268,0.025415594503863,-0.00917909718183628,0.0179662649812186,-0.0378061693021901,0.0186823696456254,0.0082612250544816,0.00864304483471943,0.0406797300020669,0.0229003342821061,0.0544129873538371,-0.0322420304742753,0.201906579691366,-0.105440364271512,0.0122715315540056,-0.0201733062219458,-4.25007251614318e-17,"L2_D1_GAOX1_merge_medial_8-30-2-actin_2"
"52",-0.103118964293326,-2.26490215636134,-1.08463979513865,-0.165714422660172,0.13171331881798,-0.388818689798516,-0.141550887013945,0.0677691335834406,-0.118248528356194,-0.169476153602462,0.100722012073951,-0.00240351621191462,-0.0168523056676539,0.025995020462935,0.134395580979666,-0.0177258519837745,-0.131597766318973,-0.00326932232679888,-0.00878084896253043,-0.0281577849279043,0.0568039820923957,0.0750032481946015,0.0731414480457582,0.128492630176717,-0.00991175572308489,-0.0685036137605115,0.111732273721074,-0.171699629430057,0.0331138541839456,0.028438555824733,-0.0347275977825435,0.0193304305648745,-0.107145243296034,-0.00749612444843985,0.0300585282832434,0.00736304005615978,0.109844169291617,-0.091669326978516,0.148191873580553,-0.0172070756658338,-0.00934443841375874,0.0205344045772153,-0.0362725935625893,-9.0205620750794e-17,"L2_D1_GAOX1_merge_medial_8-30-2-actin_3"
"53",4.44275122480465,1.8913038956963,-0.657873152535935,0.0737554025560262,0.0151161711064108,0.402834884495215,0.0614108782622226,-0.368960799854837,0.0632003079219651,-0.443730831586693,-0.369814314576023,-0.24695470822845,0.214726237919238,0.0839122487457659,0.0220695002458985,0.0875387767595837,0.136163200316136,-0.148923616684269,-0.274469153175943,-0.0111517357870337,-0.134010636677159,-0.0149902976010393,0.0307416769627999,0.0250196121528907,-0.0481801327159284,-0.202785983323612,-0.0129393773525878,-0.010335829371976,-0.0109684416659376,-0.00073216506292749,-0.0110169976367427,-0.00283538749503803,-0.00209210160967591,-0.0012431155761243,-0.0129395325946647,-0.0141332352609795,0.00213768510529677,0.00168207964260644,0.00330377049324701,0.00284648539547658,0.00204124422735043,-0.000399569623049267,0.00111862961387615,-1.52655665885959e-16,"L2_D1_GAOX1_merge_medial_8-30-2-actin_4"
"54",4.21332808285112,0.11585075298595,-0.337555836334801,-0.526568959454081,-0.0583103803222084,0.518342671562087,0.33673610130347,-0.0620788835309529,-0.14370594336992,-0.434348648373265,-0.196258833887826,-0.0326155426496682,-0.0572224627270572,-0.0754260066464455,-0.0147719945054423,0.0506072899673941,-0.0344014492370856,0.0210383461295781,0.0881757804048346,-0.0159970852728721,0.238130334337018,-0.141189676234187,-0.127991895839016,0.0389930315541041,0.112922420100071,0.28260125752128,0.0262189050991084,-0.0259287695499638,-0.00119886076797187,-0.0184585596418317,-0.0300394829370613,-0.0368008892154593,-0.00465465791264108,0.0463856892649524,0.0368449818907378,0.0217135534253178,0.00659588614071283,-0.00382458502477928,0.00537917515223736,0.000503886562443129,-0.00193598319751343,-0.00119180899198688,-0.00124519693727227,-1.52655665885959e-16,"L2_D1_GAOX1_merge_medial_9-21-2-actin_0"
"55",0.59478689951651,-2.5970608173518,-0.477463353085622,0.892927357261474,-0.27667054730197,0.267640983330189,-0.41286832868068,-0.321987665221121,-0.148590705890935,0.243546853449691,-0.213669860761925,0.0381799608163411,-0.158242867633219,-0.149261393926663,-0.0494986917538109,0.0161529051305155,0.0542853781100628,-0.0291599100815861,-0.0217198561444244,-0.0684137490617868,-0.00604809390957445,0.0120591486640904,-0.0143893002385348,-0.00396774348530233,0.0256991786812833,0.0169260064564698,-0.0430520698776754,0.103849734162929,-0.0181874023920861,0.00417498143717397,0.0169388143619058,0.00983919906826246,0.032718501255073,0.00250401157166685,-0.0183786825503122,-0.019992212766539,-0.0340844687071686,-0.0127416145087026,-0.00269468050908448,-0.102095537577765,0.0515766572572323,0.0550340103291943,-0.136305796106363,-6.41847686111419e-17,"L2_D1_GAOX1_merge_medial_9-21-2-actin_1"
"56",-1.85835911001763,0.774892282906874,-1.13280872573102,0.494545036869097,0.123212245490402,0.162083968352769,0.544205999641644,0.134156716532859,-0.0202018858260581,0.239434983663342,0.148113003687249,-0.00303424262567963,0.154429156685845,-0.153124388880703,-0.0613896981330957,0.108513681854085,-0.0584658786213009,-0.00422204462913611,-0.16428400847676,0.0120592093556567,0.161253014794003,-0.036572243614772,-0.0713888604396349,-0.00152794383016043,-0.0400467852940755,-0.0693069062023502,0.169250512063944,0.155989831704934,0.0539635787074155,0.146216503162915,-0.120073293433766,0.0727049597437996,-0.0116373141304422,0.062972533658199,-0.0114057084395625,0.0161763013506962,0.0579524946443547,0.0828909041993878,-0.0104072869274485,-0.00662857542571958,0.00977494648753093,-0.00659579377008933,-0.00449373159220192,-5.82867087928207e-16,"L2_D1_GAOX1_merge_medial_9-21-2-actin_2"
"57",1.61489866423431,0.43505513423557,0.114330546921236,-1.51800297867927,-0.912107926085512,-0.218713013081541,-0.0968710409691574,-0.0435995372990665,-0.0989248568931912,0.00992161619880165,0.213259493056993,0.312346454166845,0.0593550743192649,-0.0364690085862731,-0.349017058374097,0.0314856497820364,-0.0589509479256137,0.0617509454874332,-0.0843611297956038,0.0941300595105096,-0.118954120175529,0.059447202993316,-0.0853499713690798,0.22863625472954,-0.0266481493442191,0.00841467703330112,-0.161898222653693,0.035804349782538,0.124560195503941,0.0132150820241619,-0.0792499320648032,-0.0102395265314617,0.0215828263675944,-0.0339836129572867,0.0113833650150564,0.0306085851876832,0.00169544648900841,0.00926052531714801,0.0161739059553521,0.00812848247845618,0.00446130452118869,-0.000545316408298525,-0.000769930358300894,0,"L2_D1_GAOX1_merge_medial_9-21-2-actin_3"
"58",3.2549876000997,-1.01476766260386,1.00589873390487,-0.117935340251658,0.0416331442891183,0.354582285060572,0.317821843133911,0.401916741181118,-0.0625492266684695,0.10884196360814,-0.035740558584315,-0.0142538290580936,-0.0254621544692882,-0.0923450959740658,0.0677045159515718,-0.0721979848294801,0.04047823615118,0.099803654359107,0.0692220917147678,0.0904347413715517,-0.00420964142856649,-0.0675549829799445,0.0162714437032156,0.0328220233124881,-0.00172592742374058,-0.0397903179170366,-0.0174522799188673,-0.0318582107357178,0.0133119273756638,0.185196112203858,0.163847871541804,0.0587609345583986,0.0819427278124702,-0.135020351729246,-0.167232596308492,-0.00100941129309426,0.0552526383768693,-0.0121210181484257,0.0160265070889557,0.00849987917455793,0.00372626566416098,0.001186466505589,0.00516947278987289,-1.04083408558608e-16,"L2_D1_GAOX1_merge_medial_9-21-2-actin_4"
"74",-0.824595596271061,0.746049448291691,-0.887551560578798,-1.15053683655417,0.222155799271557,-0.304841384025446,-0.16664884931498,0.102232493418174,0.645556516667129,0.0445606279032724,-0.274809105787533,0.140023391714463,-0.102997077147569,-0.221280611812794,-0.112836731873384,0.070852783646895,0.0135585583758724,0.199371046711353,0.06496851994554,-0.253377632243368,-0.168745255148357,-0.231784633337322,0.00806174255136355,-0.0224274609120225,0.0565819868829831,-0.030305365728841,0.122297816969639,-0.0434669702918144,0.0108363852103476,0.0126177629308004,-0.0460062752341407,-0.00502535654737353,0.00601338565504538,-0.0506822687905717,-0.0115333017723116,-0.00641198796266483,-0.0426245764556949,-0.00859741123894922,-0.00150878281253195,-0.00530321436472436,-0.016596849933165,0.00701665459628052,0.00662023226669556,0,"L2_D1_GAOX1_merge_posterior_8-3-actin_0"
"75",-0.375975918476157,-1.75836945915933,-0.396861508283178,-0.545013442383645,0.635058818715276,-0.505825005890936,-0.0505066373372578,0.0314572596499831,0.0363182807718818,-0.323808603953727,0.2501203339662,0.0137298607863762,-0.195190796632253,-0.0498238325127533,0.142867253264412,0.052726625789067,0.122530308469262,0.042959122256246,-0.0965972614635728,-0.0584374687501785,-0.0312215918148474,0.0727229253179171,-0.112524010613769,-0.119195192400416,0.0126295522113883,-0.0436515643190173,-0.0396770732307842,0.067172584667501,0.0589133857257213,-0.0354344084449491,0.0698033810855558,-0.0799210454737889,0.178149624693034,0.0845677774519091,-0.00856170112417967,0.147206035992886,0.065384063200823,0.0139531518256347,0.0118539595603149,-0.0123575624108878,-0.0106765355075124,-0.00852838242764833,0.00432867308309766,-2.42861286636753e-17,"L2_D1_GAOX1_merge_posterior_8-3-actin_1"
"76",-0.436927375386288,1.52882822951787,-0.698168103426945,1.70105848983305,-0.687366032602797,-0.195685140516264,0.0847456503270108,0.237645666575561,0.1939502946876,-0.251595361646542,-0.0285683127150144,0.485245306546333,0.0487737488191138,-0.240249791645249,0.0588432048143881,-0.0938335413121554,0.386090566131673,-0.105453502750323,0.176337254289073,0.150041345394134,0.0114799938586579,0.0588468485017443,0.0568182873455106,-0.0089261292444059,-0.0343706774643458,0.00654044000350521,0.0344666857611411,-0.00907847073985687,-0.019340067042261,-0.0113265153552361,-0.0275904533361916,-0.00356547393056299,0.0140627173267062,0.0037352986244101,0.0274305095673068,-0.00733965695971964,0.0118685056133919,-0.020154044077774,0.00889811649749694,0.00686021370039493,-0.00868345167511432,-0.00583086184838675,0.000508697340192397,-4.85722573273506e-16,"L2_D1_GAOX1_merge_posterior_8-3-actin_2"
"77",-2.03790140264511,0.532202962699742,-0.873269946402498,-0.491777081253695,-0.409322550091752,0.166850191897835,0.386629813590222,0.0574700526075712,0.0937051153601839,0.303433486099745,-0.0474744256916125,-0.155277428547759,0.112620315540429,-0.259547317040854,0.132041310958113,0.00304451029345999,-0.0868252025009979,-0.0532588585932036,-0.112521130658212,0.073625898777492,0.107658477072832,0.0809259670344318,-0.111181662569012,-0.018418842461546,-0.0370691610296431,-0.0330451357629472,-0.0360518698438823,-0.0489467012918888,-0.0708753001208378,-0.075814895978649,0.00611662715913165,-0.171741382391059,0.0129579654929541,-0.129649920596278,0.00868144615882736,0.0352040360692614,-0.02596929879924,-0.0996467036295361,-0.045291236305035,-0.0245415306380418,-0.0399180214165753,0.0537404669461277,0.0259389637931114,-3.08780778723872e-16,"L2_D1_GAOX1_merge_posterior_8-3-actin_3"
"78",0.609418765021683,-2.08732793870151,-1.03764935019853,-0.578984871028328,0.358233498606811,-0.135233111292324,-0.188649929564983,0.00436433129281402,0.0052982078764883,-0.315135923298341,0.176832006580607,0.183511056343844,-0.201047662386512,-0.0478711974026664,0.293720772145658,-0.115068666085771,-0.058323269422338,0.0136690743356458,-0.122619430424081,-0.0198987606893722,0.0504658118922405,0.144322661271613,-0.0459346210983525,0.0650308613970627,0.024541072234068,-0.00571259461557625,0.00824651814216276,0.0556250174496088,-0.0390748708540873,0.0428729852976391,-0.0112201666122709,0.0624650214710779,-0.0349254692870301,-0.0899376741683055,0.0119402443664315,-0.148715864575719,-0.115289574609586,0.0474220424723009,-0.0895086684581428,0.0395177588315954,0.00424189765865138,-0.00891150362707685,0.0201103185971276,5.55111512312578e-17,"L2_D1_GAOX1_merge_posterior_8-3-actin_4"
"79",-0.769823800463822,0.209704326229961,1.25009102952758,1.18756874111576,-0.408750941183163,0.652460394350247,-0.319057759220837,-0.564520580390557,0.63591831343658,-0.179098085756575,0.165129956428229,0.0220712904451878,-0.0422049739413548,-0.0438081213803951,0.0265571939376016,-0.10640328382207,-0.214144615148301,0.246543596051188,-0.000818537049193761,0.0911396734634582,0.0579830595862706,0.0515804787078912,-0.0731303402377963,-0.0710364310142543,-0.0831647737759161,-0.0417084054311613,-0.0125570507440149,-0.0876943511736404,0.0252988590940549,0.0566227269522991,-0.0282486538080639,-0.00645979885193511,0.0122789278317599,0.0953257069736103,-0.0470007961185328,0.000538874022410762,-0.0215451872703198,-0.0214316311064419,0.00787048737361384,0.00914957916194534,-0.000896773140360098,-0.0021483578256419,0.00770142744972641,1.45716771982052e-16,"L2_D1-2_GAOX-1_merge_anterior_7-actin_0"
"80",-1.8672616098716,0.12264992321934,1.28921655215519,-0.377284980362829,-0.317044377183472,-0.161655483101722,-0.0680484647728579,0.0729067647726908,-0.234786783667462,-0.137612446592093,-0.111372045974768,-0.0665139371615462,0.0771792137466216,0.295444510643515,0.0217561420452238,-0.139080507837277,0.0214344730907525,-0.0121197736549666,0.0427269145799202,-0.0976533408789254,0.0470560718710357,-0.00637916948089364,0.0162831846683765,-0.00865110857594131,-0.029776020472139,-0.00952122555489123,0.103965331852245,0.0737719673123271,-0.0481009719266998,0.0690870080877597,-0.155320364039189,-0.0239589069505885,0.122336959764582,-0.0519237407564228,-0.00785430495818518,0.0500318414742214,-0.0495351063442402,-0.132952498482238,-0.0181532065185322,0.06519823925,0.0906121921969978,-0.0181711703068087,-0.020039920250118,9.0205620750794e-17,"L2_D1-2_GAOX-1_merge_anterior_7-actin_1"
"81",0.912104343243773,2.98471146099223,0.0395954438026253,0.218144912649921,0.590395056884822,-0.297996178048969,-0.684774005771739,0.117740188080692,-0.224207721699335,0.195608396890452,-0.0525698415267328,0.0896551927097032,0.119179760192518,0.0389243338519784,0.0821566625615563,-0.0148898109373767,-0.0181079171346403,0.108643069368046,0.0336305068737013,0.13930486721926,0.209511133797982,-0.0983222455014768,-0.060935300670985,0.00503315373079675,0.25288162037718,-0.184709162770385,-0.0953040327300231,-0.0308190178039522,-0.013172978078495,-0.0660354656663702,-0.0494823750163234,0.0413660317293468,0.0316543989563624,0.0132303616560256,-0.012708483999919,-0.00575945323568636,0.000927697953895218,-0.000358025111614826,-0.00219872002313028,-0.00416132457011915,-0.00139985755450829,0.00304553285485707,-0.000245938328293881,-3.29597460435593e-16,"L2_D1-2_GAOX-1_merge_anterior_7-actin_2"
"82",1.87334285294454,2.58210806348323,0.439794623998969,0.677117409150021,0.24596563936267,-0.517563540406477,-0.368427911994063,-0.130688791482529,-0.210273716293029,0.020323080546796,0.218510576821474,-0.296502395013582,0.0485159092679729,-0.313627890370039,0.109475320567176,-0.19419034495823,-0.180076080100337,-0.259287172301234,0.151157860738075,-0.00266286641841329,-0.235522651605676,-0.0539456887409629,-0.140550666543935,-0.0190506091767147,-0.0192719390815783,0.0793032898336746,0.0440993832375795,0.0303545236603466,0.0340118695563275,0.0699129492663673,-0.00968806283942982,-0.00842244951429585,-0.0238097521772948,-0.00694894443565652,0.0181160163502491,0.00283746499122189,0.00655874285190869,-0.000163691752788145,-0.00394235105968482,-8.14846054689802e-05,-0.00200039987497529,-0.00153370684303126,0.000491380382083378,-4.9960036108132e-16,"L2_D1-2_GAOX-1_merge_anterior_7-actin_3"
"83",-0.250508925393699,-0.941345470135254,0.812677559623587,-1.09218107838739,-0.747106429675268,-0.391912525765269,-0.0437835871973536,-0.0248576128596007,-0.147566631016744,0.0556254598741412,0.130058406935408,0.0753151526270537,0.0805720166711508,0.0891396312075265,-0.123039712532695,-0.207873360052496,0.0750316608109858,-0.0104131657764449,-0.212610348873957,0.133947572546676,-0.0336291702051558,-0.148018191827621,-0.0732972869629296,-0.0383505483051129,0.0349807702232436,0.00149539350189034,0.197101294559901,-0.0356838299902436,-0.114702268586255,-0.0555753410354984,0.132606515359746,-0.00110446882919245,-0.0252570716955879,0.124874749016851,-0.0195864422401054,-0.0721704723550791,0.00954245773238169,-0.0156352864097588,-0.0349442942271249,-0.0316307962454529,-0.0193415621198168,-0.00473147893476756,-0.00408210159114193,4.65339572430779e-16,"L2_D1-2_GAOX-1_merge_anterior_7-actin_4"
"84",-1.29445125302263,-1.82328094166686,-0.993337713574265,0.153871990546544,0.133580764889282,0.115894775919434,-0.277340036062719,0.135738115348774,-0.0238593660590706,-0.14949575637221,0.126744036613424,-0.153080349069205,0.325795457416205,0.0718180572460417,-0.115602176756013,0.0308249111086033,-0.00790156959878916,-0.0599374830999192,0.119634216023038,0.0676937299672663,0.0146118580676611,-0.0119329121971943,0.0891255093485199,0.0478944604543556,-0.0201376388642317,0.0129237601608722,0.0646036873528474,-0.174021219853768,0.109897831319745,-0.0253868445359026,0.0258273340614253,0.022162432155367,0.00862519774288749,-0.0225670002309637,-0.0266220699515141,0.107670620147097,-0.062230166813475,0.0593730601407466,-0.144224939442874,-0.0683787782389699,0.0523289062538559,-0.0115068278483071,0.0052245006537756,-2.91433543964104e-16,"L2_D1_GAOX1_merge_anterior_8-30-actin_0"
"85",0.986227985674389,1.65790357068715,-1.37073233746643,0.652638047121369,-1.27284739650249,-0.0729699388903488,-0.0628099656929748,0.410173724912456,0.33359007638369,0.107572204065553,0.310312071802497,-0.367595878010011,-0.410284758383015,0.392648805798362,0.0597047473329479,0.166280598437511,0.0200380026907148,-0.0703313509222229,0.0271365531640646,-0.0315329007921947,-0.00411543661875225,-0.0288694949728564,-0.0325952246848124,-0.00670367214254494,0.0684391786243162,0.00628476128324922,-0.0206455374045791,-0.010729906190919,0.00120245454785554,0.011176642466798,0.0107725698358266,0.0221900050483122,0.0101993380770083,-0.00469558376118357,-0.00335826232287251,-0.0168619317667083,-0.00783695021176468,0.00893403316651325,-0.000595102464417506,-0.00268134929152614,-0.00367866843541833,-0.000980157415652297,-0.00649277373619516,-2.18575157973078e-16,"L2_D1_GAOX1_merge_anterior_8-30-actin_1"
"86",-2.48745980775616,0.6455003214616,0.960943350008453,-0.363304001798056,-0.0052247192406366,0.0294184478746523,0.106059299331236,-0.0971647468202745,-0.180273028150332,-0.0991544895227242,-0.180711863025668,-0.0868831853940521,-0.118517283962551,0.0944799690536541,0.0507066585901758,-0.0376836487670203,0.0391695699768539,-0.000823319275733925,0.0703745141469618,-0.0293558854703266,-0.0127113336928921,0.0795962314946188,0.0452560444474883,0.0746867980711008,0.0196908557108796,0.0044599298937842,-0.022534797845271,0.026430595524535,-0.0173622956971719,0.0583527645321956,-0.0739119191445193,0.0371919646907757,-0.0199650962186543,0.00847516617191547,-0.0504304411507412,0.0370648946113002,-0.0177566874842499,-0.00628558245819211,-0.039162588948224,-0.0995778454978099,-0.191442070120886,-0.0675455650470304,-0.0229889732207888,8.32667268468867e-17,"L2_D1_GAOX1_merge_anterior_8-30-actin_2"
"87",-2.18795205113946,-0.0606807699863356,0.696302223289488,-0.0616482053098604,0.358797810382634,-0.191034267960672,0.330252058616593,-0.393926029320342,0.0462109041585599,-0.0596589886093483,0.0918350606713239,-0.210864539955446,-0.199140724079802,-0.0846536079505684,-0.003258670935454,0.139688765845324,0.151525438267396,0.0860356270510909,0.0713667245307972,0.0828827072079901,-0.0298365773445734,-0.0670215155340738,0.0769036292130683,0.0876280495677302,0.06558583255014,-0.0171656207853928,-0.0629455007292496,0.0600039024671319,0.0853150447761374,-0.0100482232539642,0.0165821407688537,-0.00522944050226917,-0.110584222936626,0.0276438265050475,0.0109666285023871,-0.0673686789298023,0.119444965067742,-0.104748037676379,-0.128809571839514,0.0276301160486295,0.0495824100205681,0.0133664718163193,0.00462778747603527,-9.71445146547012e-17,"L2_D1_GAOX1_merge_anterior_8-30-actin_3"
"88",-2.11949071380784,0.449582476304828,0.493522179723036,0.873254764062022,-0.346782805721925,0.312264030492893,0.121617487206156,0.113142672845595,-0.313022495080686,-0.184184793610888,0.0751882444631717,0.128053266209988,0.215081700262856,0.112514331263801,0.085473914869401,0.0189115250145421,-0.136974313685613,0.134240529672058,-0.00874495523256853,-0.162237502713281,-0.117032742472066,-0.0419170884270088,0.0308357055697019,-0.0544595344004976,0.0439022320113502,0.0196420682128047,-0.0212428378626216,-0.0373436742859768,0.0118151385260246,-0.0482183592347462,-0.0167404945298608,-0.0887026457758401,0.100021080778514,-0.0817369994067725,0.0692589021025803,-0.144765776079922,0.136373679321012,0.0837329798303334,-0.0201822526310834,-0.0392644273623432,-0.00309915795590489,0.00146712452221039,-0.00778677295909132,1.38777878078145e-17,"L2_D1_GAOX1_merge_anterior_8-30-actin_4"
