"","PC1","PC2","PC3","PC4","PC5","PC6","PC7","PC8","PC9","PC10","PC11","PC12","PC13","PC14","PC15","PC16","PC17","PC18","PC19","PC20","PC21","PC22","PC23","PC24","PC25","PC26","PC27","PC28","PC29","PC30","PC31","PC32","PC33","PC34","PC35","PC36","PC37","PC38","PC39","PC40","PC41","PC42","PC43","PC44","rfp.data.sample_id"
"1",-1.38471467348663,1.42851112902022,0.148840486614737,0.125579697590033,0.331796636607143,0.275452907701228,0.0163183078728846,-0.0928846381901854,0.422785753950205,-0.021501742295383,0.123873349616718,-0.0720650274963835,0.126819982222057,-0.0796642180006424,0.0918810824411094,-0.144521977031171,0.0253917747290421,0.0824231211888836,0.150376373732611,-0.0449721276036112,-0.206335681118615,0.0614556946409565,0.143003096262319,0.152556524029913,-0.0774201557479816,-0.168215536371165,-0.100872398300126,0.0256426409280985,0.00436560748794427,0.0216422818138759,0.00848357764464866,0.00445162032941026,0.00529416301396991,0.000437170957416009,0.000172359612525797,0.0200011062826578,-0.00223447867107283,-0.00670859472507857,-0.0178732125505659,-0.00143555531257158,0.00498906835761056,0.0051239871735161,0.00245259642898973,8.76035355368288e-16,"L2_D1_GAOX-1_merge_medial_7-12-_0"
"2",-1.18875669100155,-1.20555126113693,-1.01069860912082,-0.216430206208998,0.847491569645168,-0.337990419250351,-0.048682510048294,-0.0092478127017286,-0.00307305445013956,-0.0340243345681205,-0.122759181176534,0.0519769633990899,0.0346434729866039,0.11417307663701,0.0199206901870795,-0.0140942532801692,-0.113967133237746,0.169190615432396,0.0383369481283459,0.0896281414474624,0.065568315631097,0.00822012535905643,0.0330788092320164,-0.027053024198795,0.0558318297586375,0.0243857307779643,-0.00751639183111825,0.0196303103089674,0.0198158844809991,-0.0302776060813354,0.0853917033056971,-0.033218160272803,0.152235589635749,-0.0252649577708631,-0.000226844911785498,0.0982607639805197,-0.0190814668197066,-0.00223037799597939,-0.00114925443123797,0.00249168221731022,0.00156543268913736,0.00349193018064874,0.00137353897236272,-2.42861286636753e-16,"L2_D1_GAOX-1_merge_medial_7-12-_1"
"3",-1.2185410756035,1.13138961737281,0.354261099832832,-0.435383214685278,0.221196802104046,-0.0368702705548517,0.37301559201139,0.386510724149106,-0.16386208709817,-0.0398545412017228,0.0293162109546876,0.0186661041008869,-0.199249829267912,-0.0295065643996596,0.1281946202915,0.354732773199288,0.0107169364031216,-0.131361944475286,0.096738527792413,0.216153193455049,-0.0132801557524386,0.0340431690203704,-0.0938848869575362,0.0877820510203484,-0.098993420243034,-0.0838598875900725,0.0092676573416853,-0.0426964005652635,0.0505662788600505,-0.0544754235735183,0.0184320730938284,-0.00764427902603005,0.000219000491910665,0.0229175639044762,-0.00581305804186532,0.0120199297688072,-0.0240209560840441,0.0141914738200436,-0.0112619473102832,0.00674267867851081,-0.00220022417153136,-0.000384287119015894,-0.00593009519157009,-3.54967791271754e-16,"L2_D1_GAOX-1_merge_medial_7-12-_2"
"4",-0.590348847197964,-1.05030839170097,0.682511705907693,0.808135130941165,0.384582542244771,-0.447094496118897,0.277994980353419,0.264237575021182,-0.0515904011305788,-0.199532992166401,0.186741325526436,0.175803164243107,-0.0831121321688906,-0.149071520901005,0.0220514478625684,-0.0372989641921273,0.285423597647963,0.0344883853830943,-0.14779660622049,0.0258517878222069,-0.00154467888976643,-0.0318574808347659,0.184883280668913,0.0689923792926231,-0.015738554575107,0.0925369023505123,0.115576516592601,-0.0524995010233153,-0.0447925529128004,-0.0107855308994757,0.0222525791764814,0.00123399675760753,-0.00410130724106388,-0.0175433870167409,0.0240467049188357,0.0213303026716355,-0.00144014959335439,0.00100416576966422,-0.00535012577763035,0.000447413488764311,-0.00360826919827251,-0.00150106512261578,-0.000605940447002093,7.37257477290143e-17,"L2_D1_GAOX-1_merge_medial_7-12-_3"
"5",-0.229002191686384,-1.407890872739,-1.04193185590284,-0.261802783065952,1.08551063613907,-0.430108078693222,-0.0375514641371322,0.0846775473222707,0.114832825447625,-0.036325532034824,-0.0178884541982101,0.0754891517250043,0.0239055469985008,0.149256060600944,0.0724732967034963,-0.00763381650800993,-0.11162775184231,0.227230969852284,0.107041410610842,0.0820982971648153,0.0701166014677005,-0.0146772477582624,0.022494246764529,0.0338860430935149,-0.0174394617167154,0.0196438777589658,0.0936027086291362,0.0217709283032792,0.0231972472804379,0.0269703325570697,-0.100335247809131,0.0165085470983479,-0.111431857380639,0.0256196481493575,0.000980333098706189,-0.06436960053709,0.00410839268835012,0.000162492789476207,-0.00186855564007757,0.00195238018028604,0.000213562391891426,-0.00020856718147285,-0.00218692813130704,-1.14491749414469e-16,"L2_D1_GAOX-1_merge_medial_7-12-_4"
"6",-1.30694977004882,-1.89118784731167,-0.460952765382639,-0.0903674965950501,-0.21992513786721,-0.143816418557865,0.454990234649312,-0.111741923983679,0.354011008329854,-0.0271268537974483,-0.0773923615191504,-0.123487366637763,-0.0655198702274073,0.037950369402053,-0.124421590524924,-0.0824855529779287,-0.0771111153810263,-0.130720312273214,-0.107442056391877,0.0681392487708115,-0.0678420568453721,0.0692267752902038,0.021601092331398,0.00689992386724775,0.0318556837074184,0.0384311533211018,-0.013162562137143,0.00223214049050507,0.0561322569172962,0.00842900678892523,-0.0117022727820372,-0.032282342233339,-0.0107738199748063,0.0345618068299285,0.0527860789108475,0.00150465015148092,-0.00433363695411829,0.0935842157970143,-0.000293887279905286,-0.0893570352846118,-0.0123245136504359,-0.00315177299683462,0.00323618010882481,-2.77555756156289e-17,"L2_D1_GAOX1_merge_posterior_8-3_0"
"7",-2.64617476519835,0.387372544921561,0.0679858348385667,-0.0275181308494431,0.10103632239024,0.44480957232392,0.0463849737506222,-0.163180690122889,-0.170218965348103,-0.08047893028128,-0.0885628346983861,-0.101542265841112,0.0621956004814213,0.0190875112446139,-0.11773547360656,0.0159871542257975,0.0386985727313119,0.00422218522276734,-0.0462141357359684,-0.0404065580333931,0.0338092508953605,-0.0242794919589455,-0.0491987558342063,0.010852224733162,-0.0239062635668368,0.00931372369103477,0.057652926435771,-0.0176963200581655,-0.00974766065583601,0.00529747466652963,-0.0396874861522393,0.0202211984470861,-0.0304004092242223,0.0236385216143629,-0.0341391992871894,0.0677074739076158,-0.0625137819737155,-0.0455061142299627,-0.0524157845181754,-0.0559040545700081,0.0801268670292552,0.0458500084425222,0.0349682269173742,-6.59194920871187e-17,"L2_D1_GAOX1_merge_posterior_8-3_1"
"8",-2.21736047837653,1.48330268855132,0.0422610450646795,-0.0502726763597523,0.222958973627863,0.510945649426023,-0.10369364442328,-0.0819301740217167,0.126720958915139,0.0512424353127414,0.0214406422074376,-0.00991346823890575,-0.0316702289746591,0.0165908956090962,0.00624595527874335,-0.00930560203478011,0.0644988460603312,-0.0373927890811883,0.0333793239947708,-0.0440817804316564,0.0334471402432716,-0.0178869246409558,0.00990680522467374,-0.0324381147887619,-0.0478563947005178,0.0696052980377099,0.0544542900827632,0.0319154454460078,0.0838764324535503,-0.00352078308992029,0.0430457616611332,-0.0189871143170757,0.0105984936306578,-0.0238258012054015,-0.00700324506828936,-0.050636535664126,0.0204302357657395,0.0229613121815246,0.0330744028819068,0.0239038027188514,-0.0543322849457408,0.100036985319589,0.0197451803654044,-1.99493199737333e-17,"L2_D1_GAOX1_merge_posterior_8-3_2"
"9",-0.545480940572497,-2.5443657349278,-0.511827182953473,-0.145326312840628,0.202627734722366,-0.324397154298072,0.0371706785053374,-0.0142290973391663,0.344364238359136,0.0157852634066892,0.00392455274211041,0.0517679467521442,-0.0222014737521673,0.0916614606495049,-0.0846681293211933,0.00500223674065677,0.0673327759386477,-0.173931760672631,-0.0358374626295097,-0.105577015582626,-0.0362823123384019,-0.0208806675883089,-0.0933916798002511,0.0184491654481403,-0.0575304710674948,-0.0459125632971778,0.00460294919064352,-0.00663916746511273,-0.0634828739769493,-0.0261715192302851,-0.0833904349435522,-0.133194262979467,0.0400260562328367,-0.0790896454562919,0.0192063407454779,-0.0377144015595942,-0.0357672452977639,-0.05080018355445,-0.0109656935433117,0.0272410716713926,-0.00611212406361952,0.000155780851327624,0.000423771103569533,1.94289029309402e-16,"L2_D1_GAOX1_merge_posterior_8-3_3"
"10",-2.37576579496766,0.190943212080006,-0.215865797065062,-0.0958356994621374,0.597615257402016,0.138502795696538,0.20539046990283,-0.0385861428311148,-0.183390131342346,-0.0791315711747844,-0.118038603064365,-0.0314240982561512,0.0541499247338896,-0.108296063569305,-0.0552914129565677,0.0927763639334797,0.102908881126205,0.0465390637789712,-0.0604429839435407,0.111036404950821,-0.0227057893696372,0.0184366210876537,-0.02762454228835,-0.0603482344709744,0.0898944549838914,-0.0642249055980474,-0.0978302840029613,0.0347677592788364,-0.0510931139040803,0.038624173438286,0.0766002490631366,-0.0248415489327681,-0.0479398344204775,-0.0729932355020476,-0.000261081999642268,-0.0687364095930143,0.05095594296545,-0.0210882409702077,0.0389662333061852,-0.0230453241241058,0.0129382255994671,-0.0224051998172871,0.0535499564469913,-1.97758476261356e-16,"L2_D1_GAOX1_merge_posterior_8-3_4"
"15",-1.88991111981988,1.20188289816145,0.769339184353585,-0.130588268240589,0.0864157878633039,0.300685830488848,-0.0833003281528442,0.0373655129695579,0.123150287134012,0.0846928643669889,0.107502657651389,0.170537322315602,-0.0515718180244774,0.0815083645174014,-0.0241326220796456,0.0183742409011838,-0.0547986761225324,-0.0512266396409975,-0.00622589835390431,0.101068677242479,-0.0307964904183202,0.0218657135462634,-0.0363117630185559,0.000688561711879523,0.0446419368112868,0.039584302945625,0.00293682908810925,-0.0802155547689921,-0.00238954894161879,0.203452284500896,-0.0813375249566102,0.0673537879745143,0.0502503593353769,-0.0712397396576077,0.00821857017193483,0.0333837205931198,-0.0177251142291525,-0.00364464843997943,0.0394426869659323,0.000508666989014112,-0.00457984182887523,-0.00616689702351019,-0.00811390001080879,1.59160878920872e-16,"L2_D1_GAOX1_merge_anterior_8-30_0"
"16",3.64323106015929,1.81154851432235,-0.60148013745837,-1.3647109798095,-0.694215247378706,-0.110935576691313,-0.0509003183056242,-0.250712959534702,-0.120376511779312,-0.728706622432474,0.151686016835001,0.233292281281193,-0.102879517126666,0.0338249791430539,-0.052686890917157,-0.0192164598025276,0.0446535851420559,0.0267418878397784,0.0448665086436706,-0.0393867351406628,-0.0496131011744589,0.0432500651900663,0.00719142952455069,-0.031653991992653,-0.0145165539151322,0.03240288749254,-0.0217994203281198,0.0277011646855996,-0.00660302313896277,0.00557566809830716,-0.00528621406967858,-0.00152857245234245,0.0019486839123297,-0.000808389247310151,-0.000107577551311702,-0.000218985300528352,0.00132479780868341,0.00305439167751287,0.000306945731422936,2.26928484368671e-05,-0.000703432884382349,0.000834537932255113,0.000162299381711011,-4.92661467177413e-16,"L2_D1_GAOX1_merge_anterior_8-30_1"
"17",-2.625356562731,0.0261619054825411,-0.0803672599033315,0.0109377297075922,0.44162543277733,0.24210224435882,0.0652248879027251,-0.145039516198983,-0.243646657139144,-0.0908959760326856,-0.113310093512312,-0.0598317652805884,0.129481721018405,-0.0685250576765378,-0.109432321261316,0.0376649982403746,0.0867931482483594,0.0371635579298397,-0.063925899147269,0.0283442939540748,-0.017286490944645,0.00990995271766426,-0.0412619302250879,-0.0294082937543166,0.0846391130878095,-0.0487024649000697,-0.0596125080646904,0.00468729070160075,-0.0627566612305162,-0.000946305930347623,-0.00948951316543686,-0.00626648959430934,-0.0268472049107088,7.75430439027835e-05,0.0130172065997819,0.000254032362777953,0.0167653450831837,0.0175981073835193,-0.0181150190982086,0.0107549519696741,-2.18180905170937e-05,0.0355287266331607,-0.0995429671357539,-1.97758476261356e-16,"L2_D1_GAOX1_merge_anterior_8-30_2"
"18",-2.53478029251509,0.265989823933134,0.0757235129627218,-0.0288566837948325,0.312961191490889,0.338878053763298,-0.225850870755985,-0.151215807284725,-0.331394912584257,-0.0566873383836192,-0.0833522117466469,-0.0654817489964798,0.155267616078188,0.00912778443878174,-0.0837691463366668,0.0301120228337505,0.0307136228612436,0.00191665443973554,-0.0323645731842328,-0.0456565009637109,-0.0466888474715336,-0.00678855895407425,-0.0332073944538143,0.0334755679012011,0.0234119944183666,-0.0237488839790065,0.0171794817485209,-0.0267301664743981,-0.0615741442121822,-0.0447864188621264,-0.0896604084163202,0.021001985443636,0.0234373528235811,0.0790641780399528,0.0717494708226003,0.0442528366564025,0.0118394095269167,0.0508115808090791,0.00387505645433181,0.062722075585725,-0.0490407484748676,-0.0223310152619523,0.0456587725327952,-1.35308431126191e-16,"L2_D1_GAOX1_merge_anterior_8-30_3"
"19",-1.57831323012994,1.7270747888733,0.440915643435245,-0.127035058887131,0.178479688053573,0.435838839363264,-0.380667073519389,-0.106165652558423,0.302906988170014,0.0931142106560901,0.150463631662776,0.104678540673262,-0.045551443634287,0.0918274417385774,-0.0291422584834504,-0.0288402758899412,-0.026384430127114,-0.0503327965705173,0.0688455636717944,0.0571856321649952,0.0817311825879475,0.0129248863038707,0.0023097975550626,-0.00152020758031845,0.0469531339880551,0.10622381839615,-0.0213214095247642,-0.104387218585712,-0.0299184889935168,-0.0289932170003152,0.0435977419448075,-0.0353626047563794,0.0062537611061027,0.00945059983726966,0.0065761953106984,-0.0484441310829457,0.0745848590451844,0.0195620761319122,-0.102089881534712,0.013380868730736,0.034560033962837,-0.0224055169627524,0.0027131170319994,6.41847686111419e-17,"L2_D1_GAOX1_merge_anterior_8-30_4"
"20",-0.324732132707678,1.60495672294817,-1.38914731396896,-0.292463919085203,0.0517556178736278,-0.0409625627532491,-0.177034161811559,0.0765199772085386,-0.0452264257439315,0.131019479600141,-0.126067557103085,-0.0964527970448657,-0.200765086993122,-0.269916519353922,0.340042993142099,-0.136694775477437,-0.0496818752087504,0.0395292984849043,-0.170469777759851,-0.0206398570098696,-0.0446812105509999,0.0297364450996141,-0.0276121328018322,-0.0829223473030937,-0.106233702272074,0.0604034531202155,-0.0739366460862671,-0.125219305091952,-0.0528482494344285,-0.00981724020489223,-0.0263130095802935,0.0034929020156742,-0.0022024156781025,0.00951720443942611,-0.0034312216943672,0.00215874043846998,-0.00412215073335612,-0.00445558582624843,0.00725383342656468,-0.00455328269914379,0.000785158386394581,0.00547012923377642,-0.000830928110129659,-8.15320033709099e-16,"L2_D1_GAOX1_merge_medial_9-21-2_0"
"21",-1.97564634945559,-1.29981589030836,0.320201588324745,0.0945429382695643,0.150158996657156,-0.286814017789218,-0.0421358686293983,-0.0273094962301745,-0.309849185452212,0.0388781062893793,0.0746618356327014,0.220260094903487,0.107166674940298,-0.14144588438039,0.0362945748415811,-0.0405304595094672,0.0267607617686762,-0.0677994351405183,0.0265111461333426,-0.0401673704727469,2.96067059359639e-05,0.0101556937056547,0.0401062125114391,-0.0290895616883487,0.106257197445509,0.014666888382329,-0.12086175221129,-0.0243571860495146,0.132916503614884,-0.0266143858764638,-0.0415215599757574,0.0364487400120087,0.0616954011122083,0.0645609301886369,-0.0124033664989496,-0.0950021793996527,-0.0628428255742494,-0.0406372916339044,-0.0207219467802377,-0.0211139551552763,-0.0168628451783646,-0.00316956657620133,0.00191491146993376,2.98372437868011e-16,"L2_D1_GAOX1_merge_medial_9-21-2_1"
"22",5.33177686722484,-2.40232372564728,-0.226534283568907,0.0594552603465428,-0.00616604448782504,0.89981505558412,-0.204115669516078,0.497001430303689,0.0599690090146132,0.00705505657528013,-0.0240878321000984,0.0812045376390511,0.107762264380666,-0.115142871077147,-0.0586684947893304,0.0689498675841968,-0.0280876866918434,0.01212953469338,-0.0656676545467315,-0.0796263190702994,0.152874484992255,0.310598017636568,0.0256940918911011,0.0170416218407511,-0.0154012800118951,-0.0284701910251854,0.0140664648055057,0.0180418144140259,-0.00451639787943345,0.00596553273889142,0.00106889840786976,0.00728653182807532,0.00466694678505417,-6.81299042734132e-05,0.00118111794040274,-0.00348909993385329,-0.00217645924787666,-0.00088025806376113,0.00173271785744052,0.000613353568041486,0.000920749514388731,-1.61912204850127e-05,0.000287968513196301,1.59594559789866e-16,"L2_D1_GAOX1_merge_medial_9-21-2_2"
"23",1.00646756331856,2.44798632403765,-1.24201098822136,0.0542885933685102,-0.616257602163901,-0.248817337972094,-0.202582955213592,0.0726333057004466,0.0224662055654895,0.0761191870234463,-0.0311850869449841,0.0272973896799985,-0.0254977414416694,-0.164230864387469,0.0269105275958505,-0.116722397466157,0.0278013994780198,-0.0240839164033503,-0.0560972703627585,-0.012040832259617,0.0845347953159702,-0.0570223993136047,-0.113018685220317,0.235936937258673,0.192659857845457,-0.0848766918602696,0.101604745271259,0.00701707610174296,0.033815044073139,0.0202725320478229,0.026350437819997,-0.00830488772123812,0.000553557490954384,-0.00548596254210439,-0.00598746752892807,-0.00549005707527452,0.00112546275634507,0.00293416510773342,-2.56496507622557e-05,0.00272332697645492,-0.00171868340870639,0.000625303310088173,0.00104609122365178,-4.23272528138341e-16,"L2_D1_GAOX1_merge_medial_9-21-2_3"
"24",-0.840185420102914,0.527896632346355,1.10396113487282,0.457744618154204,-0.250212770171298,-0.091288816328128,-0.354909513604209,0.13147733137331,-0.110000886162193,0.0291881547955882,0.0968512476970418,0.26199747019531,-0.0406682750613912,0.233393326707992,-0.0269862067296742,-0.0919528745843855,-0.161385511936255,0.145396015593335,-0.298655045134975,0.0622755048452039,-0.164252832743893,0.0301529383239811,-0.0962698782639741,-0.00495382550744126,-0.0512428285351543,-0.0727852451234766,0.0136015522731993,0.0546946705871579,0.0386094174315998,-0.0537296865840022,0.0195979159626042,-0.0154002790964991,-0.0134050312728082,0.000135589114693293,-0.0224221899517553,-0.0125818141040864,0.00891482186096819,-0.000367157080066884,-0.00252759546499069,0.0012291858454325,0.00319483999725724,0.00368210746689868,0.000215557436849077,1.6826817716975e-16,"L2_D1_GAOX1_merge_medial_9-21-2_4"
"25",5.42514065801755,-1.05391559331214,0.386340721018273,0.784705456307107,0.139115941782985,0.462268591956658,0.0505589289758347,-0.196928616758485,0.0809378445281419,-0.00246819918573705,-0.434179375491304,0.24325242987908,-0.320515363894712,-0.253116258435095,-0.178452304234041,0.059550104990838,-0.125153404407138,0.0746831626145771,0.12170612312191,-0.0242759046783774,-0.11334631818094,-0.130617949760103,-0.0115942456621843,0.0150594067995409,0.00100634997453546,0.0234776320271023,-0.00507418934594469,-0.0178833338915784,0.00397351308128747,-0.0126165366477263,-0.00481795376033943,-0.00210809995932304,8.71124712302496e-05,-0.000674834781419137,0.000316914985672032,-0.000826273985393259,0.00391794550918344,0.000255523123032453,-9.05186088993176e-06,0.00195264506062109,-9.54076850238905e-06,-8.62277674694087e-06,-9.63247196032243e-05,2.08166817117217e-16,"L2_D1_GAOX1_merge_anterior_7-14_0"
"26",0.622603560232313,1.72184210378536,-0.534307528058336,0.993305951566261,-0.367087963505471,-0.392820865453961,0.357511854653889,0.289046906427783,0.0317421644708483,0.0266725879235375,0.0495574916485493,-0.0945509233769865,0.153768732024291,0.0995431550369696,0.000195563192554128,0.0741276779702131,0.0645862058445592,0.105272786702142,0.175584523856027,-0.117229303351415,-0.215850488587051,0.136641607227442,-0.145319979903247,-0.074072494731055,0.0681007652398837,0.116757027965914,0.0462307951339941,-0.0440384092742073,-0.0120780651991323,-0.00729150072558585,0.0193248743039246,0.00607523586476974,0.000637204403744818,0.00149413268987612,-0.00591078460093516,-0.00458092149137515,-0.00510246316663885,-0.00437795576717763,-0.00320233851146521,-0.00122398151160358,-0.00180301919394887,-0.00125086914447845,0.00107786803953487,-6.93889390390723e-18,"L2_D1_GAOX1_merge_anterior_7-14_1"
"27",1.42131593231126,1.88276407556997,-1.22732918043494,0.570491204246713,-0.54596295820865,-0.428050937719487,-0.54433193154462,0.211402344489303,-0.324820714772204,0.215873172482248,-0.123975150671823,0.0010239024370023,-0.0102084874742946,0.115225614575073,-0.290202070689178,-0.0925465570016901,0.121539060731183,-0.104517512984445,0.0980363880848991,0.192357190106499,0.00877211787465716,0.0149822177730391,0.123460161911641,-0.047329465007506,-0.105582457305079,-0.0226753557117371,-0.0425222566645371,0.014362962522627,-0.00229533964089897,0.012043075727259,-0.0157725689164751,-0.00612062052854012,-0.0119351294109988,-0.00349244459454225,-0.00526137163034102,0.00462533394905146,-0.00631800395727344,0.000412251412737402,0.000368516160374859,-0.00104188257386695,0.000859069927893225,0.00142265330994122,-0.000482872236836409,-6.86950496486816e-16,"L2_D1_GAOX1_merge_anterior_7-14_2"
"28",2.75264477882544,-0.119074939623931,0.591239186213609,1.33344981244486,0.572047213857529,-0.335234089456801,-0.643252242444569,-0.0750530041167977,0.0532451864627011,-0.478620848862212,0.0791720789811782,-0.400706010653713,-0.12928039887689,0.0321604583579169,0.140013789939422,0.0206740152419259,-0.0902124877676397,-0.147622354901782,0.0069401007608077,0.00972754860720353,0.0580355665779977,-0.000538777561810089,-0.0245212788502197,-0.0450697397087238,0.0436246345312236,-0.0342005816064806,-0.0168307144580491,0.019964851195862,0.018049016215972,0.02482738322895,-0.00341755307852885,0.00289246935056783,-0.00138920308040691,0.000680236607461374,-0.00416536938508785,0.0017906646848596,-0.00280650478554088,-0.00160458296599408,0.00177076869542567,-0.00157090565855061,-0.000374006157539006,0.00114612118592544,0.000421119779697133,-9.71445146547012e-17,"L2_D1_GAOX1_merge_anterior_7-14_3"
"44",5.67250821206771,0.750968530206485,0.689449434765774,0.193019727890911,-0.0798473776513809,-0.06212295942717,0.332648518349544,-0.615698963590505,-0.0435082027650412,0.116854853082463,-0.405580557253687,0.136550768927706,0.173084453357402,0.276554655633977,0.31377076489148,-0.0547467394923732,0.158544904485136,-0.0750556725332581,-0.0181576129252497,0.0681996396658497,0.0588866228368382,0.0722041473399079,0.0054839908747232,0.0217714337957446,-0.00455828302871669,-0.0079404166363948,0.00965711927384134,-0.00205743181170467,-0.00828463973152561,-0.00343384736381118,-0.00225823847448348,0.00262490145173927,-0.00254545734982843,-4.00249547904963e-06,0.000155370896073329,-0.000968087514509015,-0.000128369086177638,-0.00151596857117092,-2.11133688717696e-05,-0.00037628776940829,-0.000111260328953811,-0.000330331113066767,0.000179341946726523,-8.32667268468867e-17,"L2_D1_GAOX-1_merge_anterior_7-1_0"
"45",2.05979706721447,0.856361287726091,1.65263361767028,-0.869988464391699,0.31651215411036,-0.547689960078499,-0.0516178569698444,0.414629826198235,-0.0407252958350705,0.0923685954779011,-0.178901741445364,-0.22189683196043,-0.0195397409590736,-0.0214328140021344,-0.0798104416215859,-0.109884905201006,0.0380694106710677,0.042588003143967,0.00833453672115826,-0.0449140391980938,0.0361252526680585,-0.0101073559972461,-0.0692058482070775,0.136499383696595,-0.030023997021778,0.167276765396392,-0.120003309863734,0.110356426729642,-0.0270170533136628,0.00777468455384779,-0.0065988235273471,-0.000819996920610716,0.00217745254709498,0.00159777747339125,-0.00482299626836475,0.00134922008112091,-0.0035806998165077,0.00275248555201524,0.00271655421274671,0.000295208948014714,0.00155274840083386,0.000609070185233162,5.04640014660548e-05,-9.71445146547012e-17,"L2_D1_GAOX-1_merge_anterior_7-1_1"
"46",2.31724191027975,1.69080531980069,1.33106316531506,-1.03041919344814,0.172288541590601,-0.564585816427582,0.0574759667058934,0.263078035796673,0.093044399225855,0.0691404667809241,-0.178963413396651,-0.138880889784116,0.0658870840380473,-0.072178879504996,-0.100378887097644,-0.0782293059754501,-0.0463885743271421,-0.00123139395241481,0.0131477896755233,-0.077107265102474,-0.00626219951921318,-0.0113530569071914,0.0779745786218259,-0.168768487763477,0.0508036937078069,-0.157333395333371,0.133328049758431,-0.111430778644802,0.0285404843458803,-0.0100245476846574,0.00761764057643143,-0.00510978488245345,0.00227922508804991,-0.00381276448276362,0.00328610575864116,-0.00571590981035657,0.00834901688981905,-0.000888908603705996,-0.00358810158570669,-5.71566952489722e-07,-0.00015483771820711,0.000732444493464081,0.000145607599767917,-5.55111512312578e-17,"L2_D1_GAOX-1_merge_anterior_7-1_2"
"47",6.33477461238812,0.10931390263823,-0.231806729034858,-0.203450475828799,0.657972811814775,0.0624802958818281,0.350617543361324,-0.472881091277204,-0.392574156295543,0.388989765434468,0.549557470234839,-0.183623144556741,-0.260815855787104,0.0451342490558169,-0.104459704875605,-0.00969694353990944,-0.00244408041524169,0.0307796757205084,-0.0256467261345882,-0.0448423468686558,-0.0152201377069612,0.0258178422561592,0.0022055325106998,0.00593500290816738,0.0190651603509671,-0.0213743383068307,0.00401371826970493,0.00830131675694732,-0.00329244219345942,-0.00250434475664445,0.00274025458225222,-0.00053336188897668,0.00685569410612044,-0.00145218098675587,-0.000421084434163374,0.00154446440415474,-0.00270165679903314,5.29659885272205e-05,0.00157122947953128,0.000675511782136262,0.000926913598573567,-0.000578439141980074,-0.000246429648111141,-2.63677968348475e-16,"L2_D1_GAOX-1_merge_anterior_7-1_3"
"48",0.881790577328293,-2.74094554367556,-0.0234925976337903,-0.539102646355306,-0.816151900794724,0.100977876288801,-0.576200814944393,-0.0203168516224183,0.207285662131626,0.152213303014704,-0.0231722806285969,-0.19620136320014,-0.0825933294057472,0.115170246976719,0.0906926601394018,0.29793479354234,0.200489166981841,0.147566869428954,-0.0591847786593044,-0.012455216953002,-0.0904563748284043,-0.0667139305176876,0.0905892750569464,0.00384160854786587,0.0990230222688973,0.0131173506108354,-0.039691933115708,-0.0235538231009989,0.0542075409190742,-0.0172083599324956,-0.0378916193244913,-0.0039454594219044,-0.0110701157579751,-0.015952029988349,-0.0410090457100701,0.0249075117942371,0.0153827570970655,0.00386198258963755,0.000242191761823926,-0.006258340108175,-0.0036477406434333,-0.00051216697010611,0.000362915996525572,4.23272528138341e-16,"L2_D1_GAOX-1_merge_anterior_7-1_4"
"59",-1.31896903491872,0.702609345610409,-0.016596081518405,0.605828807007037,-0.627118235554065,0.0800240690490592,0.549297101350235,0.204330416299143,0.00249303400041004,-0.113741414512835,-0.00983338973608188,-0.0467666828413929,-0.137657270741934,0.256268720323424,-0.0603803687249312,-0.013079759853412,-0.00848077182557917,0.163567467331903,-0.0144768777293115,-0.155699761237676,0.235064979216383,-0.0847723229975392,0.00436663013261801,0.0171794571705606,-0.0404658574894142,-0.0767421728203725,-0.141840167029329,-0.108154865920972,0.0313730294919617,0.00488841113232,0.00438713224716027,0.00808628782566533,-0.0104779147686277,-0.0107395339789889,0.0375504948512202,-0.00430621038557037,-0.00352690237844783,0.00452655584294206,0.00842812923481541,0.00963051175952065,-0.00669080289019879,-0.00130597089892834,0.0011659613003493,-5.89805981832114e-17,"L2_D1_GAOX1_merge_anterior_9-21_0"
"60",-2.08251919144635,-0.230487389919211,0.0205100783274247,-0.0206381698289007,-0.344426987265188,0.0575954889916674,0.0833393612860201,0.118396772257628,-0.483091156611625,0.024345371216622,-0.0820976795615858,-0.00268550116823117,0.000321485114558227,0.123111892813536,0.110994346102285,0.116102413139259,-0.222371562985757,-0.0828169340643379,0.0169591196527575,-0.148458691123568,-0.04841147409004,-0.0271028404885959,0.155188927474788,0.0671192541502944,0.00600707834051183,0.02270558888754,0.045450997866215,0.013677897139366,-0.081797119080556,0.0960423344969028,0.0310512863329206,-0.0966172308943707,0.0144460406486688,0.0606348169194977,-0.0466118299921842,-0.0285607712375847,0.0253544583027263,-0.00472442092469716,0.0081987618751436,-0.0134294849924217,-0.000639096009603976,0.000765016041659064,-0.0053485462065378,-1.17961196366423e-16,"L2_D1_GAOX1_merge_anterior_9-21_1"
"61",-1.74022395852841,-1.51866492840111,0.36821023395712,-0.158455944052538,-0.491527712010509,-0.10465407184126,-0.291381894810652,-0.116446957431397,-0.369595423263406,0.0834981367537848,0.0518249434083556,0.0271792770657885,0.0912500694231992,-0.0419681816541177,0.114076346633509,-0.00315387340873324,-0.176909966579581,-0.0408831180246325,0.123043098722201,-0.0570458396931698,-0.00288272276120228,0.00575756546866436,0.0355351863224174,0.0360639310009,0.000751693350221877,0.0285838083783778,0.0148469135394251,-0.00952064577685224,-0.0134020622346835,-0.0761680318318274,0.0298353945137468,0.0420392341690343,-0.0626958226101777,-0.147279056232235,0.0946135909363734,0.0122076127966718,-0.0355420798003315,0.0148366692275734,-0.00692040411904506,-0.020309865384073,-0.00165228202078134,0.00306059985678141,-0.00215852751425006,3.33066907387547e-16,"L2_D1_GAOX1_merge_anterior_9-21_2"
"62",-0.264443941093214,-2.41450183072188,-0.580256090824052,-0.231834600540058,0.585352920233633,-0.488314362030252,-0.261887795213649,0.0507423879407067,0.144312933971541,0.0998803354282597,0.0138247086598346,0.244847216963208,-0.00128192231136601,0.104012280550183,-0.0195629576505819,0.0406998733160891,0.0812412409591151,-0.172182654884288,0.0046877243683436,-0.205011183942191,-0.0144834700475268,-0.0677239023027286,-0.0816761065587152,-0.0132374050892706,-0.05847061604747,-0.0504429591027204,-0.0297337220186757,-0.00532146964659926,-0.0372281328558939,0.0294871100877772,0.0954407557989,0.117154555585401,-0.0307020625690012,0.0395868113003514,-0.0293143970722053,0.0304997441169031,0.0308388568544317,0.0227243336894947,0.00523027413271678,-0.0116791631705052,0.00109212366802412,0.000484920679313539,-0.000776424734617419,9.71445146547012e-17,"L2_D1_GAOX1_merge_anterior_9-21_3"
"63",-1.55824774414207,1.85838140649529,-0.302579408016552,0.175683331619446,-0.18022233484557,0.136615070655525,0.28592495182503,0.244228622013379,0.053656416940414,0.0939391483929453,-0.0164114728910228,0.048087794573566,-0.163373482119708,-0.0153160730186773,0.135448844408864,0.0487833612020442,0.0221099942359204,-0.0486472847316281,-0.00363758663124864,-0.0735170846316377,0.0276352930219962,-0.043825409153578,0.0386109104744828,-0.105520150805684,0.0180382121563612,-0.0318232429479509,0.0357108766478935,0.215496591117252,0.00437039669049659,-0.0240683516355264,-0.0825321427520432,0.0570770018805991,0.0558891469592352,-0.0175620495001698,0.0536987046543502,0.00729931503029495,0.0760656688535156,-0.0130084955052119,-0.0310143029738025,-0.0166541252604898,0.0211248863338055,-0.00817566272364951,-0.00380760649371476,-3.44342609981396e-16,"L2_D1_GAOX1_merge_anterior_9-21_4"
"64",-2.24975555308379,1.13882170798351,0.0534202416651882,-0.0916943415300356,0.250405768866703,0.565422251042772,-0.268631316091564,-0.178714740755747,0.0199139725478706,-0.0341920051057293,-0.00909262574519954,-0.0992518608767536,0.0511346099491578,0.0482317148397228,-0.0649778230867214,-0.0283190895677663,0.0682028930553994,-0.00447066733439645,0.0363224281582353,-0.0545958035594573,0.0188697194280408,-0.0202712131810071,-0.0272306463817232,0.0482334626303017,-0.0946784164175768,0.0494509055436245,0.0861999585326556,-0.0347619384201842,0.063402751655266,-0.070724980581872,0.0135333071517149,-0.00626154487727259,0.024732267132453,0.0253152654164707,0.0205303027547856,-0.0115829900092138,0.0346938367544141,-0.0506583452247058,0.0909136378097606,-0.0529457112113451,0.0112818655039039,-0.0503264621047987,-0.031210402256169,-1.47451495458029e-16,"L2_D1_GAOX1_merge_medial_8-30-2_0"
"65",-1.04620398073544,2.18400921494849,0.34211718622284,0.0356522386618211,-0.0532915856248025,0.188125558073599,-0.0126004317808629,0.0560917473050985,0.409473674477058,0.112935492377061,0.148203287430436,0.166353831718816,-0.0736134808699698,0.0286588220932987,0.0237436017924156,0.00985018061625653,-0.0547073636659535,-0.0505600292836692,0.0452110486133531,0.0373891495971835,0.0748653326814509,-0.010242862774177,0.0574368479673465,-0.07227897232221,0.132783107581346,0.0116858430149345,-0.0422064132941093,0.051080681993142,-0.122271241722745,-0.087400000914286,0.00123624443031101,-0.0199738921124763,-0.0642128380006821,0.0507579473249082,-0.0286369441586748,0.0382373150237823,-0.0867876875766058,-0.0092349188894104,0.0576486445888517,-0.00520953050076557,-0.0149865250590449,-0.000772908522942613,-0.000351596901967934,-5.20417042793042e-17,"L2_D1_GAOX1_merge_medial_8-30-2_1"
"66",2.78333180200845,2.56027652945595,-0.229709931912701,0.263727348828612,-0.154717640521869,-0.559704451638261,0.0737073894432011,-0.294161050802637,0.282229329083966,0.046890320454593,0.130710680277162,0.0222875700292535,0.437181845703064,-0.20845442182508,-0.0912215964242894,0.307491354572522,-0.15571334782525,0.0182730219454439,-0.141963400021753,-0.00209389921787434,0.0684353637495596,-0.0800088580521467,0.032213286164226,0.00681458335757827,-0.0970642660205532,0.0456623093093079,-0.0296771033517347,0.0122441967347515,0.0116593911105891,0.0099742094377878,-0.00614926982822364,0.00462042893035924,0.00921553682786641,-0.00417596942890806,0.0052540640500513,-0.00142887367940823,0.00713348509821231,0.000477217960054677,-0.00127810502418312,0.0012623320464461,0.000748332016549988,-0.000412619278673275,-0.000288074762783556,-2.77555756156289e-16,"L2_D1_GAOX1_merge_medial_8-30-2_2"
"67",-2.42068792194203,0.967612407491118,-0.269691405104122,-0.0278482519356377,0.147121632687686,0.452925982258395,0.0926483502467819,-0.10420815380534,-0.00819580286478172,0.00155705348650582,-0.105586861196931,-0.0872126418890456,-0.0207652571227599,-0.0350755309206134,0.000386074689170658,-0.0239683626510722,0.0591581532086134,-0.0024708776177828,-0.0533074021056368,-0.0849738501207533,0.00874629843882619,-0.0258112020778673,0.011520382590373,-0.0697400578100251,-0.0536827563734966,0.0309125210131645,0.051980231694703,0.0880975677711508,0.08505125006209,0.0526870584145625,0.0508811797583551,-0.0118956208421335,-0.0400744732392066,-0.0408235803996286,-0.0600446770093864,-0.00102660247793157,-0.0996094435415751,0.0384147655440539,-0.0410559884821613,0.0465583458204148,-0.0165341906887974,-0.0617400655178991,-0.0102449231814205,-1.00613961606655e-16,"L2_D1_GAOX1_merge_medial_8-30-2_3"
"68",5.40722584865865,-1.71263015903997,-0.385461445747486,-0.153055123550766,-0.0481826358039848,0.86967610095801,0.229263477787789,0.527782698404247,-0.0654478444466985,-0.0766395171768422,0.178745994481492,-0.0551858413294358,0.322061775103202,0.0613444200890313,0.10348095908977,-0.156004954214458,-0.0172008633176157,-0.07214327982082,0.00709744782858911,0.121001705148523,-0.0673883772966022,-0.247718801336767,-0.0333619648138972,-0.0417573422134068,0.00755578065174067,0.0170955604317145,-0.0148301950196904,-0.0100601904605245,0.00432601118544158,-0.00285991921281183,0.010152036339433,-0.00605134969038781,-0.000988274758756166,0.00270591717136907,0.00182686232710381,0.00551022106166774,0.000892454284596098,0.000107605710372188,-0.00315083015802031,-0.00178330978484637,-0.00159952815054651,-6.89217793455356e-05,-0.000221514665286263,-1.66533453693773e-16,"L2_D1_GAOX1_merge_medial_8-30-2_4"
"69",-1.73943676809685,-1.88603676995731,0.368025052072036,0.179216073741805,-0.320384308995877,-0.26755335425094,0.110564907503448,-0.0914295323891113,-0.0844722941244312,0.0348275540312842,0.118864281917104,0.092862758264359,0.0652597695146365,-0.162273900933266,0.0532102643931886,-0.0962515987477575,0.0115165464706288,-0.0274501022209396,0.0896532497256494,-0.0113712629238008,0.0447550684114121,0.0215103621665583,-0.0258543791410292,-0.0389716275604663,-0.00366278940386014,-0.000687357384889842,-0.0241492693724488,0.00625941612430865,0.0670289251020409,-0.0102216422269051,-0.0439617886422317,-0.057695439458129,-0.0105381998675709,0.0018934090270581,-0.0494885928647688,0.0339083644065944,0.0410557724504231,0.0609974140453836,0.0607073741401634,0.0555980849028947,0.0956677801682452,0.002418477691564,0.00252599547633105,3.81639164714898e-16,"L2_D1-2_GAOX-1_merge_anterior_7_0"
"70",-1.34977675727654,-1.9307753177805,0.540726035774206,-0.0177988339998804,-0.564792023002484,-0.174500970359406,-0.0388494569516988,-0.158933809691515,0.0105475617628201,0.0908538398575479,0.107628396396329,0.0445386684934365,-0.00757410804724652,-0.164070456110379,0.0456840707257624,-0.0566760674850133,0.0334809935533244,0.0581405187822687,0.0736625487915242,0.0610276411199894,0.0665281283347958,0.0183044769048069,-0.0884944751284314,-0.0737749641691057,-0.0373737062686428,-0.00716080027090596,0.003216732446385,0.0365287622958817,0.0390208502667568,0.0858410496823936,0.0378651384049405,-0.073667795199288,-0.0614328694154445,0.0641254827192302,0.0572316027739398,0.0819863492282042,0.0364910868715919,-0.0636596527327726,-0.0273728584608377,-0.00627650852946945,-0.0544193657586168,-0.00360722032524693,-7.68698083956163e-05,4.09394740330526e-16,"L2_D1-2_GAOX-1_merge_anterior_7_1"
"71",-0.853151130872823,-2.10825299834686,0.393017075998089,-0.0360717643423695,-0.80955470676272,-0.0359069230762792,-0.123344405403669,-0.162227092541712,0.129445110037168,0.0350840501407362,0.056487211658035,-0.130757145055968,-0.0318367632448443,-0.0635187571273035,0.0244602204306284,-0.00630806870424823,0.0530316257550343,0.139589593061383,0.054781167271091,0.0981367925054888,0.0397522712851292,-0.031922154222535,-0.0552426445667696,-0.0292067440629078,-0.0737407946424376,-0.0477241781180289,0.0722235462851173,0.0409699713240958,-0.11810391117285,0.035705290207253,0.0494652000992859,0.0462473501819052,0.081479316702272,0.0495777182746511,0.0374918324702294,-0.100795015781496,-0.0601576029316297,0.0254017777632282,0.00801642530117762,0.00293679802879562,0.0287920739010179,0.00442219482900648,-0.00146035099705927,3.53883589099269e-16,"L2_D1-2_GAOX-1_merge_anterior_7_2"
"72",-2.05926234679103,-1.48259119685093,0.250412134524864,0.128000167688452,-0.437235242919678,-0.0551598141808032,0.27460220512596,-0.148939648357222,-0.0292717473591875,-0.0657546096367837,0.043081875376865,-0.086451016051496,0.0354289126284402,-0.0805880066462051,-0.0491612205219093,-0.0984819837533878,-0.0587086542006308,0.00980422435440717,0.0554240005359174,0.064854490282651,0.0751116195268212,0.0203965494789228,-0.0272174408810659,0.0172791887249129,-0.0358633998588927,-0.015490137314837,0.0277392305045301,-0.0141498350212469,-0.0643749754889353,-0.0584972063333489,-0.0499537741281705,0.0534409456652785,0.0263085050844166,-0.0496846556448729,-0.157531989977995,0.00669561171576833,0.0537433198898617,0.000879446626446789,-0.0176729963642177,-0.0262565987539156,-0.06566859888102,-0.00947676669297666,0.00255129426827118,1.80411241501588e-16,"L2_D1-2_GAOX-1_merge_anterior_7_3"
"73",-1.50515178550545,-1.65946224236107,-0.411118807901384,-0.226814848692008,-0.429749759006922,-0.0477485089144143,0.398871842709439,-0.101969737042722,0.184797292041866,-0.0473357755130484,-0.103681126914459,-0.195586794723655,-0.069028663167731,0.0599753428892526,-0.0946307728395083,-0.0421678138998392,-0.142328840221696,-0.120335136312831,-0.0891733509775773,0.0916712103190334,-0.0680838012554811,0.0565325418424756,0.0766460868901973,0.0367573395486216,0.0385417260299346,0.0604679564459338,0.00832835460835184,-0.00406834089874983,0.0255698651879069,-0.0223625064394764,0.043726021663809,0.0895730172464368,-0.0261226266103781,0.0236220797730613,0.0151241110480073,-0.00496041448379303,0.0185517526615122,-0.0755732748384953,0.00948026047299265,0.0867818841046322,0.0184558487174232,0.00444611145629701,-0.0022475131890002,-2.77555756156289e-17,"L2_D1-2_GAOX-1_merge_anterior_7_4"
