"sample_id","idx1","idx2","idx3","idx4","idx5","idx6","idx7","idx8","idx9","idx10","cutree.clusters..h...2.4."
"APO-posterior-3_0",1,0.474237827321961,0.417308568297334,0.332358695468,0.175426952416407,0.0762872318217344,0.00612465636941545,0.0379442521836818,0.0187400916523697,0,1
"APO-posterior-3_1",1,0.625161464154317,0.608825111268101,0.480837155712972,0.41414407960747,0.384635144034813,0.164663949982782,0.0758232274349119,0,0.176967585878104,1
"APO-posterior-3_2",1,0.468843303046099,0.471347466761562,0.582154019364696,0.359944326292673,0.213733973581396,0.0652550012471164,0,0.0672939147201404,0.161041380220835,1
"APO-posterior-3_3",1,0.430215391275502,0.340398418199486,0.312167671415809,0.35036183929483,0.197782732817259,0.0800376975071339,0.0327987785065608,0,0.0929040274490856,1
"APO-posterior-3_4",1,0.507446068926831,0.422542072258343,0.381593470149763,0.443186083597701,0.327451934690566,0.177843546046891,0.117322908979174,0,0.000830917596572142,1
"APO-medial-3_0",1,0.893445284947594,0.300415709010107,0.148701791129128,0.107909114456152,0.0907901451876131,0.0666082533633466,0.037976883516186,0,0.0241555310062519,1
"APO-medial-3_1",0.920005231572883,1,0.258410978947412,0.11711905770685,0.0844964006858449,0.0592858344603029,0.0383079270576912,0.0116088628381485,0,0.0499772492390668,1
"APO-medial-3_2",1,0.924750057796561,0.915186212984259,0.400205345879475,0.176993905814908,0.121731064002476,0.0882561908598649,0.0465198333293162,0,0.0278363252276753,1
"APO-medial-3_3",0.578316181964001,0.811635259236275,1,0.765784394678566,0.115418006629436,0.0704009378481231,0.0377574379415897,0.0137838334797717,0,0.00372282594114874,1
"APO-medial-3_4",0.886811232613856,1,0.985469261442563,0.64230771001424,0.210521616442293,0.12314023547857,0.0825462011822793,0.0550516385990239,0.00561744573830038,0,1
"GAOX1-posterior-2_0",0.32228770635889,0.313850988416259,0.338966301858344,0.419590409938861,0.619889234451811,1,0.750795592558294,0.278363661215477,0.0547030597225906,0,2
"GAOX1-posterior-2_1",0.464750873712928,0.535490218210002,0.656648700187904,0.77645755582606,1,0.848415587183096,0.502096035564361,0.273221006748682,0.111686617520901,0,2
"GAOX1-posterior-2_2",0.523144559110098,0.612337933393405,0.765463632098705,0.867042977572785,1,0.915944877951482,0.826454959071786,0.359202447800402,0.100862832557705,0,2
"GAOX1-posterior-2_3",0.408040883287498,0.413938257938259,0.294514192974558,0.242107340016441,0.259204203288747,0.292953033673404,1,0.744325464723401,0.0970317971346859,0,2
"GAOX1-posterior-2_4",0.42395880933582,0.423504110022563,0.681918968122264,0.870418362303863,0.967574802463157,0.930556545689554,0.926991511042586,1,0.247562646241573,0,2
"GAOX1-posterior-1_0",0.338129845445652,0,0.275494870203615,0.374306846043836,0.271017671920941,0.290581996830021,0.348060092652411,0.417297605386193,0.490019565947249,1,1
"GAOX1-posterior-1_1",0.307172974731483,0,0.114287711856722,0.301318962201021,0.262098626074397,0.312018642148873,0.377248738199629,0.418961518470834,0.461677018648747,1,1
"GAOX1-posterior-1_2",0.523059515433732,0,0.12890852861619,0.290277063054277,0.244159936091686,0.247451713916969,0.243834356075204,0.265793196464723,0.309735456041505,1,1
"GAOX1-posterior-1_3",0.0309345624445397,0,0.152767861359189,0.0821793088963026,0.343626634564489,0.494056257281667,0.229289231838388,0.116908408003085,0.297904642152575,1,1
"GAOX1-posterior-1_4",0.461910169684541,0.398218261497416,0.737581426693186,0.893434041241687,1,0.361534358911806,0.0569576284188733,0,0.0784237488473126,0.24397084315282,2
"GAOX1-HK-medial_0",0.930891539019509,1,0.750441090672861,0.11917641081597,0.00655586781341543,0.0213615935300016,0.0276673231318172,0.0230339919163148,0,0.0574270084289075,1
"GAOX1-HK-medial_1",1,0.830381271114212,0.192735623622298,0.0493688194404402,0.0759953042986746,0.0552442426613331,0.050973178836547,0.00566201822756566,0,0.090886308498634,1
"GAOX1-HK-medial_2",1,0.210011886712104,0.0128863435716408,0,0.00803375054913841,0.0324554564527565,0.0492124197386215,0.0367751764290311,0.0207916349687256,0.0898570777724061,1
"GAOX1-HK-medial_3",0.565228686440831,1,0.63733595377668,0.117072972126431,0,0.0153758126651494,0.0499067297349329,0.0480753992103175,0.031177206279805,0.0395360417561418,1
"GAOX1-HK-medial_4",0.673900077392098,0.62763041094394,0.755084699163084,1,0.281270762754124,0,0.0322644911382228,0.0809677142152026,0.0559555248060422,0.158110998415492,1
"PFAk-GAOX1-anterior-2_0",1,0.857411529471491,0.620527641057644,0.236084821289938,0.133427112291732,0.133579025991259,0.0930950592755364,0.0465251217925279,0,0.00626454405704822,1
"PFAk-GAOX1-anterior-2_1",0.951351646825056,1,0.420421467323243,0.247206288729675,0.205062677197471,0.143784405009281,0.106505453904583,0.0867519503236251,0.0342674435453581,0,1
"PFAk-GAOX1-anterior-2_2",1,0.415174745219181,0.131562877427855,0.116669223139005,0.101689894697796,0.071965373528126,0.0451957571247204,0.0261565259914794,0.00855512091378489,0,1
"PFAk-GAOX1-anterior-2_3",0.811558637884327,1,0.943976648701875,0.066187634786053,0.0219259860534279,0,0.000740994237596571,0.0113896789375136,0.000724481366972155,0.0765375347468034,1
"PFAk-GAOX1-anterior-2_4",1,0.351611299280593,0.265388919624392,0.18631905152953,0.176292465834693,0.140706070157419,0.0777749355989019,0,0.0176175189979104,0.0403676065307137,1
"GAOX1-HK-posterior_0",0.971793688572721,1,0.848027047255084,0.590525335259646,0.208585954604913,0,0.0118994490240269,0.107002266349501,0.18483841864833,0.517101615563948,1
"GAOX1-HK-posterior_1",1,0.94631188861544,0.851575015693544,0.322177250312823,0.0307183862292116,0,0.0348601050558174,0.0541944139502831,0.105048094998551,0.359427146944188,1
"GAOX1-HK-posterior_2",1,0.106454427682884,0.0329890495219305,0.04001641323112,0.0623406352689363,0,0.053315873315582,0.251288077537426,0.442141833240781,0.937022763442964,1
"GAOX1-HK-posterior_3",1,0.268480796905137,0.10298965798856,0.056911866222046,0.0115599266407497,0,0.0197654525952968,0.147266641286851,0.129071367303321,0.147119733227602,1
"GAOX1-HK-posterior_4",0.669650457556816,0.808851130567294,1,0.657288958560201,0.121508812311008,0.0558703312039246,0.0452640504837642,0.0412208804540355,0.0064659116749526,0,1
"GAOX1-medial-_0",1,0.63249766022679,0.225409759248082,0.244299498640884,0.685502087153498,0.648239006437999,0.288800542078483,0.330059713462943,0.131715497658846,0,2
"GAOX1-medial-_1",1,0.395927969047804,0.356888961748134,0.32193591592123,0.63739905255792,0.598928254828159,0.346027883229832,0.736526289179676,0.664477337252652,0,2
"GAOX1-medial-_2",0.403979387343106,0.813639037175961,0.685224676865037,0.246310804598694,0.173384681898228,0.3729206289299,0.548933502243995,1,0.63390804028044,0,2
"GAOX1-medial-_3",0.0411708914789812,0.562792492193914,0.390365933983632,0.729038654472703,0.884773059940226,0.674430593668748,0.540246208665192,1,0.829349042721085,0,2
"GAOX1-medial-_4",0.711209298612648,0.866345939417906,0.671247444847012,0.508501525405556,0.395171610553668,0.369289959227485,0.701746011084214,1,0.53533829187207,0,2
"GAOX1-anterior-_0",1,0.544528633614742,0.434441574070075,0.628008540235627,0.590816434652851,0.364553993630828,0.0743882744338493,0.0480250365328041,0,0.0248739509661514,1
"GAOX1-anterior-_1",1,0.215863602175628,0.106042854666373,0.160113813996716,0.368378128757925,0.319865676717148,0.095955099434151,0.015909806974997,0,0.269130333856137,1
"GAOX1-anterior-_2",1,0.725562397428015,0.538721895297488,0.251005964287841,0.22479443944011,0.292224591068769,0.269618385167937,0.155164018245261,0,0.0279846908671934,1
"GAOX1-anterior-_3",1,0.359135141031543,0.29712273959348,0.287832552438845,0.204883288596204,0.272732369134237,0.152250525069191,0.15618353565719,0.109357966809162,0,1
"GAOX1-anterior-_4",0.274235037972729,0.173075108488497,0.193411061187272,0.275699166452805,0.264265130326793,0.647613811521537,1,0.368724406671873,0,0.0904943788514479,2
"GAOX1-HK-anterior_0",0.679002573693892,1,0.573992152786968,0.291057491953021,0.0662755899448081,0.0122053140381664,0.0156220411150906,0.0071122402652629,0,0.0135414545575603,1
"GAOX1-HK-anterior_1",0.847100225066167,0.899681540950178,1,0.232641739115337,0.202140712310374,0.191118836397029,0.103934220819495,0.0691499366747338,0.0263465420932159,0,1
"GAOX1-HK-anterior_2",0.745157355551413,1,0.0372238352247756,0.0100001309244075,0,0.011394320000449,0.0393720452845889,0.0369207424712141,0.0206991121308139,0.111705534101352,1
"GAOX1-HK-anterior_3",1,0.54245732444602,0.77242553041956,0.25154917012879,0.0724026891948228,0.0411307763939935,0.0315827850640752,0.0122190569289573,0,0.104262004820617,1
"GAOX1-HK-anterior_4",1,0.0755286804890267,0.022176298779891,0.0379135311322573,0.00216854126331192,0.00151648390356262,0.020530795989192,0.0107722579083458,0,0.286545339307613,1
"GAOX1-anterior-3_0",1,0.596127330618693,0.798248931787181,0.571193380812473,0.419032543018374,0.355256279751032,0.253546354491697,0.0938450932370167,0,0.038793761418957,1
"GAOX1-anterior-3_1",1,0.293138995887294,0.231234572048088,0.152067285099427,0.205575109115128,0.27865905897715,0.107967600257396,0.135693298596146,0.0533044000532196,0,1
"GAOX1-anterior-3_2",0.0465614140510422,0,0.342609712303292,1,0.839218486574076,0.605196096335739,0.539936223630512,0.0911790540564938,0.247265355041225,0.516123219157879,2
"GAOX1-anterior-3_3",0.710889497663069,0.606627137281498,0.919778501380769,0.664028059510691,0.680923545267933,0.73926109890154,1,0.792501250867537,0.563678662714061,0,2
"GAOX1-anterior-3_4",1,0.543060734219539,0.60922505649915,0.821900310822025,0.639404043723403,0.334573259213658,0.0632678284866771,0.058193737629369,0,0.038803560180698,1
"APO-anterior-_0",1,0.978051513300165,0.274601463477769,0.0673845296479352,0.0211425940710742,0.0116348956661678,0.00661168301570922,0,0.00195443773164313,0.0450269812521401,1
"APO-anterior-_1",0.656245965596056,1,0.225612153070856,0.0515980038333346,0.0318899368307166,0.0317453490869058,0.0197943278090469,0.00849001226804955,0,0.0119653153737163,1
"APO-anterior-_2",1,0.434025178238556,0.370384086503521,0.261962340405771,0.148385138062419,0.102437976080978,0.0457083572091224,0.0272226202572629,0,0.132632451493059,1
"APO-anterior-_3",1,0.362254900743477,0.0364180958448737,0.0191009516041398,0.0406702952842883,0.0351086315591378,0.0216573064937508,0.00886768240078381,0,0.0304673771101027,1
"APO-anterior-_4",1,0.0752862767977819,0.00169492694406664,0.00744180614075049,0.0211017563242314,0.0298228901815326,0.0233812423706983,0.00664832569928192,0,0.0920911241131428,1
"GAOX1-medial-1_0",0.33813172749555,0.858262705070197,1,0.747366373218816,0.859230654193014,0.816821317704185,0.720216184839579,0.53012828517658,0.394707162371664,0,2
"GAOX1-medial-1_1",1,0.762993136615636,0.665226650600849,0.659831062982604,0.641092755625139,0.365941088870921,0.34210725536521,0.31855958402435,0.844062888675592,0,2
"GAOX1-medial-1_2",0.491448933632792,0.6793376597432,0.897968514471478,1,0.760104306028925,0.500679381549395,0.332221209901505,0.170698057353182,0,0.0201801983725802,2
"GAOX1-medial-1_3",0.997823770572598,0.675833453811919,0.810404237361781,1,0.839337475626145,0.233011990336488,0.557870478157573,0.461001753440421,0.572762543289581,0,2
"GAOX1-medial-1_4",1,0.756392853621377,0.671969978280355,0.907683624209528,0.864600428956451,0.593989977025587,0.431428084235705,0.181340914688447,0.177960180129499,0,2
"APO-anterior-1_0",0.974844423533995,1,0.911009429061395,0.686585785034339,0.414509799257101,0.208923399298023,0.118904029551327,0.0540772280066313,0.00790663971362599,0,1
"APO-anterior-1_1",1,0.854057066186432,0.825212054951783,0.927674511852605,0.94917751278967,0.190487500992161,0.08948367837895,0.0436771809785151,0,0.0723413678335001,2
"APO-anterior-1_2",0.965865445604801,1,0.91674810548663,0.883334282855816,0.301872580797743,0.0897257302221265,0.049383402486647,0.0275433825897112,0,0.00124678033778865,1
"APO-anterior-1_3",0.7786642958546,0.654371956046301,1,0.567034966340574,0.486999246618409,0.173284007793421,0.046495419354762,0.0308570014540496,0,0.0626434032336612,1
"APO-anterior-1_4",1,0.875813920656668,0.992767041354156,0.754586272333644,0.765645945161984,0.929730015010712,0.868917429160323,0.721352655490664,0.627712647584898,0,2
"APO-anterior-3_0",1,0.800282947489059,0.652036860661763,0.876802392734793,0.821942258191163,0.175762883952956,0.0776785605480136,0.0353868539763357,0,0.0519278681881474,2
"APO-anterior-3_1",0.852083855867241,1,0.825876309748242,0.571249250670964,0.133899585698732,0.0805945273651297,0.055294596146452,0.0301619020439998,0,0.0316005165886857,1
"APO-anterior-3_2",0.881494989209416,0.738877466910916,1,0.721280993646284,0.592742891431979,0.255307473834501,0.0556556629556763,0.027531717605639,0,0.0892382428328782,1
"APO-anterior-3_3",1,0.910581490308401,0.842369230159599,0.807482170147108,0.929812778441117,0.826461949409589,0.541037503629289,0.0722271541307019,0,0.0851549916214889,2
"APO-anterior-3_4",1,0.709506589685501,0.535835665256205,0.439285269388238,0.353815402221238,0.0824430038399386,0.0332021142449959,0.0103858052503157,0.00679118471958264,0,1
"GAOX1-posterior-_0",1,0.515258416581707,0.901183166714454,0.587629358877535,0.173058249068113,0.368952530174806,0.247080647361975,0.0564174535703149,0,0.0732355031686904,1
"GAOX1-posterior-_1",0.93299407933392,0.571099296387807,0.894306186958188,1,0.0166111673139289,0.0390010669760604,0.0741267719615076,0,0.243835217205968,0.691952491233387,1
"GAOX1-posterior-_2",0.401055193695712,0.366909241936741,1,0.782297983972146,0.223232738166731,0.187030750626213,0.0883788247239164,0.0365088220610714,0,0.153855224293119,1
"GAOX1-posterior-_3",0.552640375008919,1,0.747922398717096,0.418630808971174,0.200154202129256,0.068384672997548,0.0230712013471507,0,0.118424678336247,0.160799397004796,1
"GAOX1-posterior-_4",0.277405740788738,0.410978788740312,1,0.349589545059562,0.0412940065820489,0.0205119447540468,0.0159869311826969,0.0195201154319582,0.019737877601805,0,1
"APO-medial-2_0",1,0.175014787861493,0.0821039494849729,0.0521193778401599,0.0537823704898782,0.0395676494328146,0.0331559755434046,0.0180757080521046,0,0.047288310496944,1
"APO-medial-2_1",1,0.178958056188599,0.0933771639916637,0.0644910701560244,0.0575861303096561,0.0485928776515001,0.0334287571171358,0.0181062442737666,0,0.0676662195348043,1
"APO-medial-2_2",1,0.276403417182561,0.169702899778953,0.135136860672003,0.105147918821208,0.0736345450769584,0.0483185846717922,0.0256645721171509,0,0.0103250798569073,1
"APO-medial-2_3",1,0.22312754251153,0.130394432182597,0.0909327673365663,0.0638310835632492,0.0467209601481878,0.0396139817579206,0.0256711919867228,0,0.0362607806683632,1
"APO-medial-2_4",1,0.47987843699168,0.131470718506862,0.0921308245231658,0.0847625012446479,0.0690781732017519,0.0437771290345999,0.0163291275625899,0,0.00478726272201137,1
"GAOX1-anterior-2_0",1,0.718740317253544,0.486991378314442,0.352643028767402,0.288962482671279,0.228938450385543,0.195172318401896,0.12742851579069,0.206660048416966,0,1
"GAOX1-anterior-2_1",1,0.629720020081121,0.435006247052755,0.364250438958678,0.290097074165543,0.267703239110611,0.237280445383111,0.240973381802892,0.194137878566988,0,1
"GAOX1-anterior-2_2",0.126657555666787,0.240230763859182,0.266444770032728,0.460694784661778,0.706026846499523,0.837881134314857,1,0.762186332629997,0.329986955588365,0,2
"GAOX1-anterior-2_3",0.0976422267558861,0,0.291740582042833,0.497824509215947,0.925672755033987,0.962255098229285,1,0.956323573051855,0.646647228134015,0.0314472137160947,2
"GAOX1-anterior-2_4",0,0.0987969836946459,0.336690616014308,0.341393672138628,0.749235698612613,0.913243390294111,1,0.845370265631466,0.361981217451033,0.322495791149459,2
"PFAk-GAOX1-posterior-_0",1,0.531778661644501,0.291794299685713,0.19910512912286,0.14671699257516,0.0879159099962266,0.0144467895639607,0,0.0539931022446101,0.0339125394995038,1
"PFAk-GAOX1-posterior-_1",1,0.788028002187202,0.559544230186663,0.336765208705209,0.196633177337198,0.105359602306512,0.0515928338080808,0.00761871377914125,0,0.309672391072686,1
"PFAk-GAOX1-posterior-_2",1,0.402138444783665,0.32199796576163,0.2707891560248,0.130173893803453,0.0792333328211996,0,0.0636097225870041,0.12553024121473,0.00938322270578594,1
"PFAk-GAOX1-posterior-_3",1,0.867507921189996,0.704329025879763,0.433779384169818,0.324830272964519,0.205802539149721,0.052904789037695,0.025382501209651,0,0.0940854130392486,1
"PFAk-GAOX1-posterior-_4",0.756550981299023,1,0.732425583646099,0.269082586669553,0.197602912383835,0.133403540608017,0.0582105922624601,0.0252060551646231,0.0225242083711852,0,1
"GAOX1-medial-3_0",1,0.533695547748027,0.428418927246302,0.546282563421132,0.681425861165909,0.872287595869152,0.990901717729216,0.373934640169068,0.155465464222122,0,2
"GAOX1-medial-3_1",0.868202323517731,0.329058564883872,0.158423606848943,0.538314385554211,0.712248062310103,1,0.347574728609405,0.3024682150451,0.0993955585620336,0,2
"GAOX1-medial-3_2",0.305379081246831,0.856711930972715,0.584826366039296,0.372582005983727,0.343390612171399,0.742946502315358,0.768654241164218,1,0.407183364775904,0,2
"GAOX1-medial-3_3",1,0.565257367657401,0.394421963450594,0.249614659555284,0.248931758323603,0.51762851910417,0.457064995178246,0.323821711254791,0.409498567103094,0,2
"GAOX1-medial-3_4",0.851971815770191,0.889834128886234,1,0.611323935544642,0.395689976191194,0.365038376597776,0.673578573666746,0.764440929071384,0.628240325303663,0,2
"PFAk-GAOX1-medial-2_0",1,0.816572194340748,0.387497582974277,0.0837412860072617,0.0590313244216924,0.0706537799292113,0.0634240738835361,0.0298634431757012,0,0.0413102259120715,1
"PFAk-GAOX1-medial-2_1",1,0.23837729061365,0.164321991915573,0.115521784284468,0.128609387374641,0.111082618437117,0.130884576155613,0.142459535290889,0.0204295652760479,0,1
"PFAk-GAOX1-medial-2_2",1,0.163994992801622,0.0737262038426884,0.0534456199335155,0.0698001701935515,0.0927426665572157,0.240118851456865,0.238818020048623,0,0.0152879917831256,1
"PFAk-GAOX1-medial-2_3",1,0.204515976798527,0.050168557908231,0.0668488684817877,0.0496942802150979,0.0553418565380037,0.0431601428945734,0.0242381321278151,0,0.0787598407639406,1
"PFAk-GAOX1-medial-2_4",1,0.124043472330963,0.042587034226651,0.104488541765157,0.127044710717417,0.0842500416525798,0.0430480546717351,0.0261318965893722,0,0.0326357806492126,1
"PFAk-GAOX1-posterior-2_0",1,0.347465912441122,0.168767793228294,0.108069441754096,0.0822915178720616,0.066009782546542,0.0686410122087334,0.012269932613576,0,0.360765292218194,1
"PFAk-GAOX1-posterior-2_1",1,0.527346591363892,0.198886368542335,0.0882194647935003,0,0.067647634603022,0.114482776799328,0.0889270835487062,0.0309933422806868,0.127347792909005,1
"PFAk-GAOX1-posterior-2_2",1,0.665512780394409,0.493404292591019,0.285183350872224,0.257966106073746,0.317144819237126,0.235793345065049,0.106519554983546,0,0.0585429009366836,1
"PFAk-GAOX1-posterior-2_3",1,0.674914192161345,0.328437073063596,0.293106572973658,0.330720081540361,0.21736606771538,0.163967833506125,0.0674315626102055,0,0.215365891230645,1
"PFAk-GAOX1-posterior-2_4",1,0.439162196953348,0.373389691186221,0.281152384958577,0.249028787918283,0.235681648211966,0.157076244283305,0.0616582277832414,0,0.104666497208763,1
"APO-posterior-1_0",1,0.323254367044862,0.30043132017276,0.210843568730101,0.151960450975121,0.0889382608987532,0.0435927630716407,0.0213518427535679,0,0.0556205489919008,1
"APO-posterior-1_1",1,0.644970258971876,0.559457105652527,0.498803320435658,0.467589266930486,0.379224371905767,0.160096745043175,0.0627864181524584,0,0.131660953308271,1
"APO-posterior-1_2",1,0.633818057449293,0.681182923173139,0.666514193969709,0.442269356554933,0.21654414337601,0.0744335007776479,0.00745556928742393,0.175767159627435,0,1
"APO-posterior-1_3",1,0.584636486674625,0.495051672963128,0.450357313962857,0.370551579631025,0.217949818573745,0.11195334016512,0.0221508454408037,0,0.118102913479566,1
"APO-posterior-1_4",1,0.589769051116829,0.49929251805156,0.477779698998396,0.5208100232973,0.364932667134256,0.21578276643095,0.14669753092501,0,0.0227991789151583,1
"GAOX1-anterior-1_0",1,0.759525284208739,0.563804912254914,0.414116821886125,0.298789421156658,0.280844947994406,0.275208251669225,0.158371532605193,0,0.032232125513954,1
"GAOX1-anterior-1_1",1,0.712333835449373,0.486095965983514,0.242179020622103,0.148454295086503,0.132687650577301,0.102868190718473,0.0204692570859196,0.0869732434573887,0,1
"GAOX1-anterior-1_2",0.96384756628092,1,0.687036589626388,0.539170098595046,0.542315131531128,0.589525083023782,0.47296663234801,0.317418459631195,0.16186697243572,0,2
"GAOX1-anterior-1_3",1,0.719059740905323,0.50544307198862,0.358529186058296,0.253357756184066,0.352001859117456,0.316132981182726,0.297138900147368,0.149050614693016,0,1
"GAOX1-anterior-1_4",1,0.889967301158092,0.942930708350241,0.940694206798452,0.845527479356744,0.462729386508689,0.312867745408056,0.249723976595064,0.0525512838493601,0,2
"APO-posterior-2_0",1,0.182452896169527,0.0172021742404208,0,0.0498814952826754,0.00197498374999361,0.00825431384936964,0.0272526379656695,0.0463866291588839,0.32476437095414,1
"APO-posterior-2_1",1,0.33886095158379,0.064670559032615,0.0376257693629004,0.0317713615344501,0.0247629608453909,0.00354580422777838,0.0215038526843566,0,0.108631515092598,1
"APO-posterior-2_2",1,0.63594264710488,0.17425745264011,0.114339240052628,0.100858580394368,0.07249436977015,0.0473914059235173,0.041285821437802,0,0.0646090822037284,1
"APO-posterior-2_3",1,0.406509992083784,0.16370667520188,0.108680420656941,0.0913728270571832,0.0296369849608589,0.059845464784524,0.0423863906187208,0,0.0269729300472756,1
"APO-posterior-2_4",1,0.411753176751415,0.204543753598734,0.142394723904843,0.130849223984778,0.122744603514959,0.113842508631377,0.0631360898151663,0.0204121739824034,0,1
"APO-medial-_0",0.734359294254785,1,0.214802691543108,0.0154212041774694,0.0146193347689741,0.0237934497743502,0.0258243460451845,0.00891826601607465,0,0.0138844903034615,1
"APO-medial-_1",1,0.60215935122164,0.0231992775046937,0.00716038138095263,0.0115978247468655,0.0147419208004611,0.0233394576729519,0.0142215713983525,0,0.0122840591608613,1
"APO-medial-_2",1,0.081095417751246,0.0746603919518631,0.0663815754651923,0.0397921124444331,0.0306728080821391,0.0282234201219763,0.0136405570884927,0,0.0275246028193169,1
"APO-medial-_3",1,0.120262740073799,0.0331663784310832,0.0338672972183306,0.0387365882188309,0.0550103406861005,0.0234362856895641,0.0142656132766845,0,0.0174143347013124,1
"APO-medial-_4",1,0.0860491882623066,0.0205080118372629,0.00849986409899335,0.00187588401112151,0,0.000230230800058917,0.00328849505605373,0.00187548238739703,0.0856880281130058,1
"APO-anterior-2_0",1,0.310975036337903,0.205887743402856,0.133022286598759,0.0845304771831675,0.0559948577709557,0.032943274847231,0.0122399288915671,0,0.0166345005946228,1
"APO-anterior-2_1",1,0.618920579219989,0.472714965762342,0.31155486791469,0.204171631239258,0.10972678310209,0.0553989954904243,0.0170480985333466,0,0.00831268554730009,1
"APO-anterior-2_2",1,0.480352738782917,0.249565212256578,0.15219604111349,0.101267672614146,0.0534622890950077,0.0175992958111374,0.00233673432317809,0,0.0323854476283858,1
"APO-anterior-2_3",1,0.341981360505776,0.165701408043224,0.102843152769649,0.0633292840930996,0.0397131432746656,0.0322567412043552,0.0122333479334769,0,0.00761202631477467,1
"APO-anterior-2_4",1,0.478035057841689,0.182959531477382,0.109044284820288,0.0870343937508448,0.0593607852908216,0.0455610910365951,0.0408669755053444,0.0203685156541369,0,1
"APO-posterior-_0",1,0.253566469471921,0.196219442759285,0.0690507222100016,0.431294151108309,0.449494674037457,0.228581893342978,0.0995612430210869,0,0.0723425446910552,1
"APO-posterior-_1",1,0.447424594481607,0.0808700500134737,0.0452033954029572,0.0352244871492839,0.0255365557142406,0.0357865644305114,0.0533598698978452,0,0.0429638840094064,1
"APO-posterior-_2",1,0.266266922541872,0.1760011137159,0.165502799956611,0.0857494286042144,0,0.103779692515581,0.208352614673531,0.0716633775558454,0.171484628874037,1
"APO-posterior-_3",1,0.326784604590727,0.401329942337073,0.403249479249045,0.210463324523743,0.175128374188599,0.0932577867761546,0.0634017453354653,0,0.124493887434601,1
"APO-posterior-_4",1,0.301985579061468,0.156996091980651,0.153069953661029,0.167763907530395,0.123943201061443,0.0811497374406581,0.0374827380264231,0,0.00367379441291217,1
"APO-medial-1_0",1,0.981170744878266,0.299052971924334,0.125115966302523,0.082638361781622,0.0688087455765959,0.0623427086047698,0.0277833726283076,0,0.00505977431719076,1
"APO-medial-1_1",1,0.740658512920331,0.294551493526018,0.121972616839841,0.0888573618222108,0.0648223485435761,0.0419629844126173,0.0172547914561493,0,0.0403317701020277,1
"APO-medial-1_2",1,0.925332262235444,0.925590783630747,0.593220219726335,0.195722613835279,0.132802737791874,0.0879333494122134,0.05470918490394,0.00393997828394659,0,1
"APO-medial-1_3",0.607436134935233,0.837982475057156,1,0.787915725076962,0.126259966131074,0.0819972282433951,0.0394368100099591,0.0160465658394716,0.00478234931536824,0,1
"APO-medial-1_4",0.878441874277578,1,0.996462660141543,0.595493612578975,0.215486235373308,0.129438216405156,0.0880936782175949,0.0624520093023648,0.0116939440810603,0,1
"GAOX1-medial-2_0",0.572823138890042,0.47999459788212,0.493778242493679,0.97998341438614,1,0.68636321660378,0.788487370258859,0.674087914986595,0.654590968350479,0,2
"GAOX1-medial-2_1",0.672904540689361,0.640420054486345,0.939345605207157,1,0.927235390927266,0.843065731920117,0.735730113025817,0.574250613242154,0.125820530258506,0,2
"GAOX1-medial-2_2",0.843235617992251,0.507191995215229,0.576389963014392,0.722885163753755,1,0.984381061050171,0.657576393454529,0.366621719242468,0.0920118697511636,0,2
"GAOX1-medial-2_3",0.526397913277131,0.554323820205258,1,0.769101336969316,0.52984520794733,0.427094939306867,0.491519718617804,0.468588580285149,0.114308895950801,0,2
"GAOX1-medial-2_4",0.67308229373022,0.677165426323264,1,0.941178288913868,0.837131936720987,0.82837119755728,0.738004603409529,0.724965575537212,0.25869125692006,0,2
"PFAk-GAOX1-anterior-_0",1,0.560377519919695,0.390289034712103,0.294431523045866,0.182637871915427,0.0888475885825349,0.0451215650797239,0.0218193401076132,0,0.0099915456142984,1
"PFAk-GAOX1-anterior-_1",0.540744541555138,0.622745025558391,1,0.452282296574555,0.156346207884266,0.0721489688790378,0.0371009406725283,0.0153008069977241,0,0.031806682989793,1
"PFAk-GAOX1-anterior-_2",0.661063915623762,0.671518960661476,1,0.689893033093816,0.217483312763087,0.106498703660302,0.0541505040400679,0.0197266309249497,0,0.0283514193957366,1
"PFAk-GAOX1-anterior-_3",0.744155962477345,1,0.904807923504096,0.182576263235905,0.0716100768686726,0.0349806390560019,0.0136005667196289,0.00716088342865773,0,0.00739845836861752,1
"PFAk-GAOX1-anterior-_4",0.784402030346823,0.746283270390324,0.569210595433152,0.446315141591289,0.43527558614072,1,0.272381119027578,0.0457239282783875,0,0.0409080468845621,2
"PFAk-GAOX1-medial-_0",1,0.907211790194198,0.224011909255791,0.106577156295532,0.052758684388755,0.0256272723815523,0.00103501527508752,0,0.0108846913054363,0.123224877679793,1
"PFAk-GAOX1-medial-_1",0.529259266599551,1,0.647251923738542,0.116138284355637,0.0753935190704741,0.0538006397133211,0.035646815569764,0.013390719047311,0,0.0662086255701386,1
"PFAk-GAOX1-medial-_2",0.562707225034693,1,0.71920369157025,0.333968807620549,0.0771135219372927,0.0416983332129673,0.0175505382899865,0.00754314003622976,0,0.0432272099485025,1
"PFAk-GAOX1-medial-_3",0.645753771255069,0.727356896267628,1,0.451542487028933,0.179405830148339,0.130622658978471,0.0809192804724645,0.0396455889326952,0,0.14320960582422,1
"PFAk-GAOX1-medial-_4",0.532850651688079,0.858778228533939,1,0.224390432667992,0.116663887425655,0.0705455731871667,0.0480492181040601,0.021715355499924,0,0.0855126510050414,1
"GAOX1-posterior-3_0",0.32676678273338,0.397415750447631,1,0.461502765722147,0.0578200437687837,0.0321277229240346,0.0325327678316599,0.0341676636266248,0.0173856299798951,0,1
"GAOX1-posterior-3_1",0.624946822887283,0.600165684820972,1,0.604234016033169,0.309653856751119,0,0.0225395384231867,0.000133566002335545,0.117724721270597,0.107459652365277,1
"GAOX1-posterior-3_2",0.799116718372499,0.355360305440925,0.271906689222941,0.440838123092647,0.877610713425524,1,0.216795801911765,0.0374653737621788,0,0.0107416729124899,2
"GAOX1-posterior-3_3",1,0.888388657732252,0.573504862818368,0.395885737718316,0.41948045774433,0.692209277192747,0.404822139780279,0.1245294549086,0.033872199187002,0,2
"GAOX1-posterior-3_4",0.408938879357941,0.351699164607013,0.496167265557981,0.563631992086363,1,0.569233831884013,0.0863773781517891,0.130641660094471,0.0679518956769513,0,2
